bear_gate,bull_gate,gate_combined,n_trades,tpy,win_pct,expectancy_r,max_losing_streak,profit_factor
aoi_touch_count_since_creation<=3.0,session_directional_bias>=0.2,bear[aoi_touch_count_since_creation<=3.0]  +  bull[session_directional_bias>=0.2],834,119.2,0.4856,0.4642,12,1.909
aoi_touch_count_since_creation<=3.0,signal_candle_opposite_extreme_atr<=0.58,bear[aoi_touch_count_since_creation<=3.0]  +  bull[signal_candle_opposite_extreme_atr<=0.58],927,132.5,0.4779,0.4349,13,1.835
aoi_touch_count_since_creation<=3.0,aoi_last_reaction_strength>=0.84,bear[aoi_touch_count_since_creation<=3.0]  +  bull[aoi_last_reaction_strength>=0.84],850,121.5,0.4776,0.443,11,1.857
aoi_touch_count_since_creation<=3.0,aoi_height_atr<=1.12,bear[aoi_touch_count_since_creation<=3.0]  +  bull[aoi_height_atr<=1.12],934,133.5,0.4775,0.4533,11,1.891
aoi_touch_count_since_creation<=3.0,break_impulse_body_atr<=0.37,bear[aoi_touch_count_since_creation<=3.0]  +  bull[break_impulse_body_atr<=0.37],924,132.1,0.4773,0.433,11,1.83
aoi_touch_count_since_creation<=3.0,aoi_near_edge_atr<=0.14,bear[aoi_touch_count_since_creation<=3.0]  +  bull[aoi_near_edge_atr<=0.14],922,131.8,0.4761,0.432,10,1.828
aoi_touch_count_since_creation<=3.0,distance_from_last_impulse_atr<=0.38,bear[aoi_touch_count_since_creation<=3.0]  +  bull[distance_from_last_impulse_atr<=0.38],929,132.8,0.4747,0.4253,13,1.811
aoi_touch_count_since_creation<=3.0,aoi_far_edge_atr<=1.43,bear[aoi_touch_count_since_creation<=3.0]  +  bull[aoi_far_edge_atr<=1.43],932,133.2,0.4742,0.4312,9,1.829
aoi_touch_count_since_creation<=3.0,recent_trend_payoff_atr_48h<=-3.34,bear[aoi_touch_count_since_creation<=3.0]  +  bull[recent_trend_payoff_atr_48h<=-3.34],930,132.9,0.4742,0.4335,13,1.835
aoi_touch_count_since_creation<=3.0,break_impulse_range_atr<=0.83,bear[aoi_touch_count_since_creation<=3.0]  +  bull[break_impulse_range_atr<=0.83],925,132.2,0.4735,0.4217,11,1.803
aoi_touch_count_since_creation<=3.0,distance_from_last_impulse_atr>=2.23,bear[aoi_touch_count_since_creation<=3.0]  +  bull[distance_from_last_impulse_atr>=2.23],930,132.9,0.4731,0.4269,14,1.818
aoi_touch_count_since_creation<=3.0,aoi_midpoint_range_position_mid<=0.43,bear[aoi_touch_count_since_creation<=3.0]  +  bull[aoi_midpoint_range_position_mid<=0.43],930,132.9,0.472,0.4243,11,1.812
aoi_touch_count_since_creation<=3.0,break_close_location<=0.67,bear[aoi_touch_count_since_creation<=3.0]  +  bull[break_close_location<=0.67],926,132.4,0.4719,0.4186,11,1.796
break_impulse_body_atr<=0.34,session_directional_bias>=0.2,bear[break_impulse_body_atr<=0.34]  +  bull[session_directional_bias>=0.2],690,98.6,0.4681,0.4116,7,1.778
max_retest_penetration_atr<=0.46,session_directional_bias>=0.2,bear[max_retest_penetration_atr<=0.46]  +  bull[session_directional_bias>=0.2],688,98.4,0.4666,0.4119,9,1.781
signal_candle_opposite_extreme_atr<=0.53,session_directional_bias>=0.2,bear[signal_candle_opposite_extreme_atr<=0.53]  +  bull[session_directional_bias>=0.2],687,98.2,0.4658,0.4047,7,1.762
break_impulse_range_atr<=0.72,session_directional_bias>=0.2,bear[break_impulse_range_atr<=0.72]  +  bull[session_directional_bias>=0.2],687,98.2,0.4643,0.4037,8,1.76
aoi_touch_count_since_creation<=3.0,break_impulse_range_atr<=1.14,bear[aoi_touch_count_since_creation<=3.0]  +  bull[break_impulse_range_atr<=1.14],1339,191.4,0.463,0.3908,16,1.73
htf_range_size_mid_atr>=25.16,session_directional_bias>=0.2,bear[htf_range_size_mid_atr>=25.16]  +  bull[session_directional_bias>=0.2],692,98.9,0.4624,0.3957,12,1.742
break_impulse_body_atr<=0.34,signal_candle_opposite_extreme_atr<=0.58,bear[break_impulse_body_atr<=0.34]  +  bull[signal_candle_opposite_extreme_atr<=0.58],783,111.9,0.461,0.3831,8,1.711
break_impulse_body_atr<=0.34,aoi_height_atr<=1.12,bear[break_impulse_body_atr<=0.34]  +  bull[aoi_height_atr<=1.12],790,112.9,0.4608,0.4054,11,1.773
break_impulse_body_atr<=0.34,break_impulse_body_atr<=0.37,bear[break_impulse_body_atr<=0.34]  +  bull[break_impulse_body_atr<=0.37],780,111.5,0.4603,0.3808,10,1.705
aoi_touch_count_since_creation<=3.0,signal_candle_opposite_extreme_atr<=0.87,bear[aoi_touch_count_since_creation<=3.0]  +  bull[signal_candle_opposite_extreme_atr<=0.87],1345,192.3,0.4602,0.3826,14,1.711
aoi_touch_count_since_creation<=3.0,break_impulse_body_atr<=0.64,bear[aoi_touch_count_since_creation<=3.0]  +  bull[break_impulse_body_atr<=0.64],1335,190.8,0.4599,0.3838,13,1.715
max_retest_penetration_atr<=0.46,signal_candle_opposite_extreme_atr<=0.58,bear[max_retest_penetration_atr<=0.46]  +  bull[signal_candle_opposite_extreme_atr<=0.58],781,111.6,0.4597,0.3833,11,1.713
max_retest_penetration_atr<=0.46,aoi_height_atr<=1.12,bear[max_retest_penetration_atr<=0.46]  +  bull[aoi_height_atr<=1.12],788,112.6,0.4594,0.4057,12,1.775
signal_candle_opposite_extreme_atr<=0.53,signal_candle_opposite_extreme_atr<=0.58,bear[signal_candle_opposite_extreme_atr<=0.53]  +  bull[signal_candle_opposite_extreme_atr<=0.58],780,111.5,0.459,0.3769,10,1.697
break_impulse_body_atr<=0.34,aoi_near_edge_atr<=0.14,bear[break_impulse_body_atr<=0.34]  +  bull[aoi_near_edge_atr<=0.14],778,111.2,0.4589,0.3794,9,1.703
break_impulse_body_atr<=0.34,aoi_last_reaction_strength>=0.84,bear[break_impulse_body_atr<=0.34]  +  bull[aoi_last_reaction_strength>=0.84],706,100.9,0.4589,0.3873,9,1.722
max_retest_penetration_atr<=0.46,break_impulse_body_atr<=0.37,bear[max_retest_penetration_atr<=0.46]  +  bull[break_impulse_body_atr<=0.37],778,111.2,0.4589,0.381,11,1.707
signal_candle_opposite_extreme_atr<=0.53,aoi_height_atr<=1.12,bear[signal_candle_opposite_extreme_atr<=0.53]  +  bull[aoi_height_atr<=1.12],787,112.5,0.4587,0.3994,10,1.759
signal_candle_opposite_extreme_atr<=0.53,break_impulse_body_atr<=0.37,bear[signal_candle_opposite_extreme_atr<=0.53]  +  bull[break_impulse_body_atr<=0.37],777,111.1,0.4582,0.3745,11,1.691
break_impulse_range_atr<=0.72,signal_candle_opposite_extreme_atr<=0.58,bear[break_impulse_range_atr<=0.72]  +  bull[signal_candle_opposite_extreme_atr<=0.58],780,111.5,0.4577,0.376,11,1.695
max_retest_penetration_atr<=0.46,aoi_near_edge_atr<=0.14,bear[max_retest_penetration_atr<=0.46]  +  bull[aoi_near_edge_atr<=0.14],776,110.9,0.4575,0.3796,9,1.705
max_retest_penetration_atr<=0.46,aoi_last_reaction_strength>=0.84,bear[max_retest_penetration_atr<=0.46]  +  bull[aoi_last_reaction_strength>=0.84],704,100.6,0.4574,0.3876,13,1.724
break_impulse_range_atr<=0.72,aoi_height_atr<=1.12,bear[break_impulse_range_atr<=0.72]  +  bull[aoi_height_atr<=1.12],787,112.5,0.4574,0.3985,11,1.757
aoi_touch_count_since_creation<=4.0,session_directional_bias>=0.2,bear[aoi_touch_count_since_creation<=4.0]  +  bull[session_directional_bias>=0.2],1089,155.7,0.4573,0.38,12,1.706
break_impulse_body_atr<=0.34,distance_from_last_impulse_atr<=0.38,bear[break_impulse_body_atr<=0.34]  +  bull[distance_from_last_impulse_atr<=0.38],785,112.2,0.4573,0.372,13,1.685
break_impulse_body_atr<=0.34,aoi_far_edge_atr<=1.43,bear[break_impulse_body_atr<=0.34]  +  bull[aoi_far_edge_atr<=1.43],788,112.6,0.4569,0.3791,10,1.705
break_impulse_range_atr<=0.72,break_impulse_body_atr<=0.37,bear[break_impulse_range_atr<=0.72]  +  bull[break_impulse_body_atr<=0.37],777,111.1,0.4569,0.3736,9,1.69
signal_candle_opposite_extreme_atr<=0.53,aoi_near_edge_atr<=0.14,bear[signal_candle_opposite_extreme_atr<=0.53]  +  bull[aoi_near_edge_atr<=0.14],775,110.8,0.4568,0.3732,10,1.689
break_impulse_body_atr<=0.34,recent_trend_payoff_atr_48h<=-3.34,bear[break_impulse_body_atr<=0.34]  +  bull[recent_trend_payoff_atr_48h<=-3.34],786,112.4,0.4567,0.3817,11,1.712
signal_candle_opposite_extreme_atr<=0.53,aoi_last_reaction_strength>=0.84,bear[signal_candle_opposite_extreme_atr<=0.53]  +  bull[aoi_last_reaction_strength>=0.84],703,100.5,0.4566,0.3804,13,1.706
aoi_touch_count_since_creation<=3.0,recent_trend_payoff_atr_24h<=-0.38,bear[aoi_touch_count_since_creation<=3.0]  +  bull[recent_trend_payoff_atr_24h<=-0.38],1337,191.1,0.4562,0.3787,14,1.705
htf_range_size_mid_atr>=25.16,signal_candle_opposite_extreme_atr<=0.58,bear[htf_range_size_mid_atr>=25.16]  +  bull[signal_candle_opposite_extreme_atr<=0.58],785,112.2,0.4561,0.3692,12,1.68
aoi_touch_count_since_creation<=3.0,aoi_near_edge_atr<=0.32,bear[aoi_touch_count_since_creation<=3.0]  +  bull[aoi_near_edge_atr<=0.32],1331,190.3,0.456,0.3717,12,1.687
max_retest_penetration_atr<=0.46,distance_from_last_impulse_atr<=0.38,bear[max_retest_penetration_atr<=0.46]  +  bull[distance_from_last_impulse_atr<=0.38],783,111.9,0.4559,0.3721,11,1.687
aoi_touch_count_since_creation<=3.0,distance_from_last_impulse_atr>=0.93,bear[aoi_touch_count_since_creation<=3.0]  +  bull[distance_from_last_impulse_atr>=0.93],1336,191.0,0.4558,0.3793,16,1.706
break_impulse_body_atr<=0.34,break_impulse_range_atr<=0.83,bear[break_impulse_body_atr<=0.34]  +  bull[break_impulse_range_atr<=0.83],781,111.6,0.4558,0.3675,8,1.675
htf_range_size_mid_atr>=25.16,aoi_height_atr<=1.12,bear[htf_range_size_mid_atr>=25.16]  +  bull[aoi_height_atr<=1.12],792,113.2,0.4558,0.3915,9,1.741
break_impulse_body_atr<=0.34,distance_from_last_impulse_atr>=2.23,bear[break_impulse_body_atr<=0.34]  +  bull[distance_from_last_impulse_atr>=2.23],786,112.4,0.4555,0.3739,10,1.692
max_retest_penetration_atr<=0.46,aoi_far_edge_atr<=1.43,bear[max_retest_penetration_atr<=0.46]  +  bull[aoi_far_edge_atr<=1.43],786,112.4,0.4555,0.3793,9,1.707
break_impulse_range_atr<=0.72,aoi_near_edge_atr<=0.14,bear[break_impulse_range_atr<=0.72]  +  bull[aoi_near_edge_atr<=0.14],775,110.8,0.4555,0.3722,11,1.687
max_retest_penetration_atr<=0.46,recent_trend_payoff_atr_48h<=-3.34,bear[max_retest_penetration_atr<=0.46]  +  bull[recent_trend_payoff_atr_48h<=-3.34],784,112.1,0.4554,0.3819,10,1.714
signal_candle_opposite_extreme_atr<=0.53,distance_from_last_impulse_atr<=0.38,bear[signal_candle_opposite_extreme_atr<=0.53]  +  bull[distance_from_last_impulse_atr<=0.38],782,111.8,0.4552,0.3657,16,1.671
break_impulse_range_atr<=0.72,aoi_last_reaction_strength>=0.84,bear[break_impulse_range_atr<=0.72]  +  bull[aoi_last_reaction_strength>=0.84],703,100.5,0.4552,0.3794,11,1.704
htf_range_size_mid_atr>=25.16,break_impulse_body_atr<=0.37,bear[htf_range_size_mid_atr>=25.16]  +  bull[break_impulse_body_atr<=0.37],782,111.8,0.4552,0.3668,13,1.675
signal_candle_opposite_extreme_atr<=0.53,aoi_far_edge_atr<=1.43,bear[signal_candle_opposite_extreme_atr<=0.53]  +  bull[aoi_far_edge_atr<=1.43],785,112.2,0.4548,0.3729,10,1.691
signal_candle_opposite_extreme_atr<=0.53,recent_trend_payoff_atr_48h<=-3.34,bear[signal_candle_opposite_extreme_atr<=0.53]  +  bull[recent_trend_payoff_atr_48h<=-3.34],783,111.9,0.4547,0.3755,9,1.697
max_retest_penetration_atr<=0.46,break_impulse_range_atr<=0.83,bear[max_retest_penetration_atr<=0.46]  +  bull[break_impulse_range_atr<=0.83],779,111.4,0.4544,0.3676,9,1.677
break_impulse_body_atr<=0.34,aoi_midpoint_range_position_mid<=0.43,bear[break_impulse_body_atr<=0.34]  +  bull[aoi_midpoint_range_position_mid<=0.43],786,112.4,0.4542,0.3709,12,1.686
max_retest_penetration_atr<=0.46,distance_from_last_impulse_atr>=2.23,bear[max_retest_penetration_atr<=0.46]  +  bull[distance_from_last_impulse_atr>=2.23],784,112.1,0.4541,0.3741,12,1.694
break_impulse_body_atr<=0.34,break_close_location<=0.67,bear[break_impulse_body_atr<=0.34]  +  bull[break_close_location<=0.67],782,111.8,0.454,0.3638,10,1.668
break_impulse_range_atr<=0.72,distance_from_last_impulse_atr<=0.38,bear[break_impulse_range_atr<=0.72]  +  bull[distance_from_last_impulse_atr<=0.38],782,111.8,0.454,0.3648,11,1.67
htf_range_size_mid_atr>=25.16,aoi_near_edge_atr<=0.14,bear[htf_range_size_mid_atr>=25.16]  +  bull[aoi_near_edge_atr<=0.14],780,111.5,0.4538,0.3654,10,1.672
signal_candle_opposite_extreme_atr<=0.53,break_impulse_range_atr<=0.83,bear[signal_candle_opposite_extreme_atr<=0.53]  +  bull[break_impulse_range_atr<=0.83],778,111.2,0.4537,0.3612,8,1.661
aoi_touch_count_since_creation<=4.0,signal_candle_opposite_extreme_atr<=0.58,bear[aoi_touch_count_since_creation<=4.0]  +  bull[signal_candle_opposite_extreme_atr<=0.58],1182,169.0,0.4535,0.3636,11,1.668
break_impulse_range_atr<=0.72,aoi_far_edge_atr<=1.43,bear[break_impulse_range_atr<=0.72]  +  bull[aoi_far_edge_atr<=1.43],785,112.2,0.4535,0.372,10,1.689
signal_candle_opposite_extreme_atr<=0.53,distance_from_last_impulse_atr>=2.23,bear[signal_candle_opposite_extreme_atr<=0.53]  +  bull[distance_from_last_impulse_atr>=2.23],783,111.9,0.4534,0.3677,11,1.678
break_impulse_range_atr<=0.72,recent_trend_payoff_atr_48h<=-3.34,bear[break_impulse_range_atr<=0.72]  +  bull[recent_trend_payoff_atr_48h<=-3.34],783,111.9,0.4534,0.3746,12,1.696
htf_range_size_mid_atr>=25.16,aoi_last_reaction_strength>=0.84,bear[htf_range_size_mid_atr>=25.16]  +  bull[aoi_last_reaction_strength>=0.84],708,101.2,0.4534,0.3718,11,1.688
aoi_touch_count_since_creation<=4.0,aoi_height_atr<=1.12,bear[aoi_touch_count_since_creation<=4.0]  +  bull[aoi_height_atr<=1.12],1189,170.0,0.4533,0.3786,11,1.708
aoi_touch_count_since_creation<=4.0,break_impulse_body_atr<=0.37,bear[aoi_touch_count_since_creation<=4.0]  +  bull[break_impulse_body_atr<=0.37],1179,168.5,0.4529,0.362,13,1.665
max_retest_penetration_atr<=0.46,aoi_midpoint_range_position_mid<=0.43,bear[max_retest_penetration_atr<=0.46]  +  bull[aoi_midpoint_range_position_mid<=0.43],784,112.1,0.4528,0.371,12,1.688
max_retest_penetration_atr<=0.46,break_close_location<=0.67,bear[max_retest_penetration_atr<=0.46]  +  bull[break_close_location<=0.67],780,111.5,0.4526,0.364,9,1.67
break_impulse_range_atr<=0.72,break_impulse_range_atr<=0.83,bear[break_impulse_range_atr<=0.72]  +  bull[break_impulse_range_atr<=0.83],778,111.2,0.4524,0.3603,10,1.659
htf_range_size_mid_atr>=25.16,distance_from_last_impulse_atr<=0.38,bear[htf_range_size_mid_atr>=25.16]  +  bull[distance_from_last_impulse_atr<=0.38],787,112.5,0.4524,0.3581,13,1.655
signal_candle_opposite_extreme_atr<=0.53,aoi_midpoint_range_position_mid<=0.43,bear[signal_candle_opposite_extreme_atr<=0.53]  +  bull[aoi_midpoint_range_position_mid<=0.43],783,111.9,0.4521,0.3646,11,1.672
break_impulse_range_atr<=0.72,distance_from_last_impulse_atr>=2.23,bear[break_impulse_range_atr<=0.72]  +  bull[distance_from_last_impulse_atr>=2.23],783,111.9,0.4521,0.3668,12,1.676
aoi_touch_count_since_creation<=4.0,aoi_near_edge_atr<=0.14,bear[aoi_touch_count_since_creation<=4.0]  +  bull[aoi_near_edge_atr<=0.14],1177,168.3,0.452,0.3611,12,1.663
signal_candle_opposite_extreme_atr<=0.53,break_close_location<=0.67,bear[signal_candle_opposite_extreme_atr<=0.53]  +  bull[break_close_location<=0.67],779,111.4,0.4519,0.3575,10,1.654
htf_range_size_mid_atr>=25.16,aoi_far_edge_atr<=1.43,bear[htf_range_size_mid_atr>=25.16]  +  bull[aoi_far_edge_atr<=1.43],790,112.9,0.4519,0.3652,10,1.675
htf_range_size_mid_atr>=25.16,recent_trend_payoff_atr_48h<=-3.34,bear[htf_range_size_mid_atr>=25.16]  +  bull[recent_trend_payoff_atr_48h<=-3.34],788,112.6,0.4518,0.3678,12,1.681
aoi_touch_count_since_creation<=4.0,aoi_last_reaction_strength>=0.84,bear[aoi_touch_count_since_creation<=4.0]  +  bull[aoi_last_reaction_strength>=0.84],1105,158.0,0.4516,0.365,14,1.672
break_impulse_body_atr<=0.59,session_directional_bias>=0.2,bear[break_impulse_body_atr<=0.59]  +  bull[session_directional_bias>=0.2],1074,153.5,0.4516,0.3609,14,1.662
aoi_touch_count_since_creation<=4.0,distance_from_last_impulse_atr<=0.38,bear[aoi_touch_count_since_creation<=4.0]  +  bull[distance_from_last_impulse_atr<=0.38],1184,169.3,0.451,0.3563,15,1.652
break_impulse_range_atr<=0.72,aoi_midpoint_range_position_mid<=0.43,bear[break_impulse_range_atr<=0.72]  +  bull[aoi_midpoint_range_position_mid<=0.43],783,111.9,0.4508,0.3637,11,1.67
htf_range_size_mid_atr>=25.16,break_impulse_range_atr<=0.83,bear[htf_range_size_mid_atr>=25.16]  +  bull[break_impulse_range_atr<=0.83],783,111.9,0.4508,0.3535,14,1.645
aoi_touch_count_since_creation<=4.0,aoi_far_edge_atr<=1.43,bear[aoi_touch_count_since_creation<=4.0]  +  bull[aoi_far_edge_atr<=1.43],1187,169.7,0.4507,0.361,11,1.665
aoi_touch_count_since_creation<=4.0,recent_trend_payoff_atr_48h<=-3.34,bear[aoi_touch_count_since_creation<=4.0]  +  bull[recent_trend_payoff_atr_48h<=-3.34],1185,169.4,0.4506,0.3628,14,1.669
break_impulse_range_atr<=0.72,break_close_location<=0.67,bear[break_impulse_range_atr<=0.72]  +  bull[break_close_location<=0.67],779,111.4,0.4506,0.3566,9,1.652
htf_range_size_mid_atr>=25.16,distance_from_last_impulse_atr>=2.23,bear[htf_range_size_mid_atr>=25.16]  +  bull[distance_from_last_impulse_atr>=2.23],788,112.6,0.4505,0.36,9,1.662
break_impulse_body_atr<=0.34,break_impulse_range_atr<=1.14,bear[break_impulse_body_atr<=0.34]  +  bull[break_impulse_range_atr<=1.14],1195,170.8,0.4502,0.3516,15,1.641
aoi_touch_count_since_creation<=4.0,break_impulse_range_atr<=0.83,bear[aoi_touch_count_since_creation<=4.0]  +  bull[break_impulse_range_atr<=0.83],1180,168.7,0.45,0.3532,11,1.645
aoi_touch_count_since_creation<=4.0,distance_from_last_impulse_atr>=2.23,bear[aoi_touch_count_since_creation<=4.0]  +  bull[distance_from_last_impulse_atr>=2.23],1185,169.4,0.4498,0.3576,11,1.656
htf_pos>=0.78,session_directional_bias>=0.2,bear[htf_pos>=0.78]  +  bull[session_directional_bias>=0.2],1001,143.1,0.4496,0.3537,13,1.645
aoi_touch_count_since_creation<=3.0,aoi_midpoint_range_position_high<=0.81,bear[aoi_touch_count_since_creation<=3.0]  +  bull[aoi_midpoint_range_position_high<=0.81],1736,248.2,0.4493,0.3601,18,1.663
max_retest_penetration_atr<=0.46,break_impulse_range_atr<=1.14,bear[max_retest_penetration_atr<=0.46]  +  bull[break_impulse_range_atr<=1.14],1193,170.5,0.4493,0.3517,14,1.642
htf_range_size_mid_atr>=25.16,aoi_midpoint_range_position_mid<=0.43,bear[htf_range_size_mid_atr>=25.16]  +  bull[aoi_midpoint_range_position_mid<=0.43],788,112.6,0.4492,0.357,11,1.655
htf_range_size_mid_atr>=25.16,break_close_location<=0.67,bear[htf_range_size_mid_atr>=25.16]  +  bull[break_close_location<=0.67],784,112.1,0.449,0.3499,9,1.638
aoi_touch_count_since_creation<=4.0,aoi_midpoint_range_position_mid<=0.43,bear[aoi_touch_count_since_creation<=4.0]  +  bull[aoi_midpoint_range_position_mid<=0.43],1185,169.4,0.4489,0.3555,13,1.652
aoi_touch_count_since_creation<=4.0,break_close_location<=0.67,bear[aoi_touch_count_since_creation<=4.0]  +  bull[break_close_location<=0.67],1181,168.8,0.4488,0.3508,11,1.64
signal_candle_opposite_extreme_atr<=0.53,break_impulse_range_atr<=1.14,bear[signal_candle_opposite_extreme_atr<=0.53]  +  bull[break_impulse_range_atr<=1.14],1192,170.4,0.4488,0.3475,13,1.631
aoi_near_edge_atr<=0.29,session_directional_bias>=0.2,bear[aoi_near_edge_atr<=0.29]  +  bull[session_directional_bias>=0.2],1083,154.8,0.4488,0.3509,12,1.639
break_impulse_body_atr<=0.59,signal_candle_opposite_extreme_atr<=0.58,bear[break_impulse_body_atr<=0.59]  +  bull[signal_candle_opposite_extreme_atr<=0.58],1167,166.8,0.4482,0.3459,15,1.628
break_impulse_body_atr<=0.59,aoi_height_atr<=1.12,bear[break_impulse_body_atr<=0.59]  +  bull[aoi_height_atr<=1.12],1174,167.8,0.448,0.3611,11,1.667
break_impulse_range_atr<=0.72,break_impulse_range_atr<=1.14,bear[break_impulse_range_atr<=0.72]  +  bull[break_impulse_range_atr<=1.14],1192,170.4,0.448,0.3469,15,1.63
break_impulse_body_atr<=0.59,break_impulse_body_atr<=0.37,bear[break_impulse_body_atr<=0.59]  +  bull[break_impulse_body_atr<=0.37],1164,166.4,0.4476,0.3442,13,1.624
aoi_touch_count_since_creation<=4.0,break_impulse_range_atr<=1.14,bear[aoi_touch_count_since_creation<=4.0]  +  bull[break_impulse_range_atr<=1.14],1594,227.9,0.4473,0.345,16,1.627
break_impulse_body_atr<=0.34,signal_candle_opposite_extreme_atr<=0.87,bear[break_impulse_body_atr<=0.34]  +  bull[signal_candle_opposite_extreme_atr<=0.87],1201,171.7,0.4471,0.3426,11,1.621
htf_range_size_mid_atr>=25.16,break_impulse_range_atr<=1.14,bear[htf_range_size_mid_atr>=25.16]  +  bull[break_impulse_range_atr<=1.14],1197,171.1,0.447,0.3425,13,1.621
htf_range_size_mid_atr>=20.14,session_directional_bias>=0.2,bear[htf_range_size_mid_atr>=20.14]  +  bull[session_directional_bias>=0.2],1072,153.2,0.4468,0.3512,13,1.641
break_impulse_body_atr<=0.34,break_impulse_body_atr<=0.64,bear[break_impulse_body_atr<=0.34]  +  bull[break_impulse_body_atr<=0.64],1191,170.3,0.4467,0.3436,13,1.624
break_impulse_body_atr<=0.59,aoi_near_edge_atr<=0.14,bear[break_impulse_body_atr<=0.59]  +  bull[aoi_near_edge_atr<=0.14],1162,166.1,0.4466,0.3432,13,1.622
max_retest_penetration_atr<=0.46,signal_candle_opposite_extreme_atr<=0.87,bear[max_retest_penetration_atr<=0.46]  +  bull[signal_candle_opposite_extreme_atr<=0.87],1199,171.4,0.4462,0.3427,13,1.622
htf_pos>=0.78,signal_candle_opposite_extreme_atr<=0.58,bear[htf_pos>=0.78]  +  bull[signal_candle_opposite_extreme_atr<=0.58],1094,156.4,0.4461,0.3382,16,1.611
htf_pos>=0.78,aoi_height_atr<=1.12,bear[htf_pos>=0.78]  +  bull[aoi_height_atr<=1.12],1101,157.4,0.446,0.3545,14,1.652
break_impulse_body_atr<=0.59,aoi_last_reaction_strength>=0.84,bear[break_impulse_body_atr<=0.59]  +  bull[aoi_last_reaction_strength>=0.84],1090,155.8,0.4459,0.3459,13,1.629
max_retest_penetration_atr<=0.46,break_impulse_body_atr<=0.64,bear[max_retest_penetration_atr<=0.46]  +  bull[break_impulse_body_atr<=0.64],1189,170.0,0.4458,0.3437,12,1.625
break_impulse_body_atr<=0.59,distance_from_last_impulse_atr<=0.38,bear[break_impulse_body_atr<=0.59]  +  bull[distance_from_last_impulse_atr<=0.38],1169,167.1,0.4457,0.3384,14,1.611
signal_candle_opposite_extreme_atr<=0.53,signal_candle_opposite_extreme_atr<=0.87,bear[signal_candle_opposite_extreme_atr<=0.53]  +  bull[signal_candle_opposite_extreme_atr<=0.87],1198,171.3,0.4457,0.3385,11,1.612
aoi_near_edge_atr<=0.29,signal_candle_opposite_extreme_atr<=0.58,bear[aoi_near_edge_atr<=0.29]  +  bull[signal_candle_opposite_extreme_atr<=0.58],1176,168.1,0.4456,0.3367,13,1.607
aoi_near_edge_atr<=0.29,aoi_height_atr<=1.12,bear[aoi_near_edge_atr<=0.29]  +  bull[aoi_height_atr<=1.12],1183,169.1,0.4455,0.3519,11,1.646
htf_pos>=0.78,break_impulse_body_atr<=0.37,bear[htf_pos>=0.78]  +  bull[break_impulse_body_atr<=0.37],1091,156.0,0.4455,0.3364,17,1.607
break_impulse_body_atr<=0.59,aoi_far_edge_atr<=1.43,bear[break_impulse_body_atr<=0.59]  +  bull[aoi_far_edge_atr<=1.43],1172,167.5,0.4454,0.3433,11,1.624
break_impulse_body_atr<=0.59,recent_trend_payoff_atr_48h<=-3.34,bear[break_impulse_body_atr<=0.59]  +  bull[recent_trend_payoff_atr_48h<=-3.34],1170,167.3,0.4453,0.345,15,1.628
signal_candle_opposite_extreme_atr<=0.53,break_impulse_body_atr<=0.64,bear[signal_candle_opposite_extreme_atr<=0.53]  +  bull[break_impulse_body_atr<=0.64],1188,169.8,0.4453,0.3394,11,1.615
break_impulse_range_atr<=0.97,session_directional_bias>=0.2,bear[break_impulse_range_atr<=0.97]  +  bull[session_directional_bias>=0.2],1067,152.5,0.4452,0.3431,12,1.622
aoi_touch_count_since_creation<=4.0,signal_candle_opposite_extreme_atr<=0.87,bear[aoi_touch_count_since_creation<=4.0]  +  bull[signal_candle_opposite_extreme_atr<=0.87],1600,228.7,0.445,0.3383,11,1.612
aoi_near_edge_atr<=0.29,break_impulse_body_atr<=0.37,bear[aoi_near_edge_atr<=0.29]  +  bull[break_impulse_body_atr<=0.37],1173,167.7,0.445,0.335,11,1.604
break_impulse_range_atr<=0.72,signal_candle_opposite_extreme_atr<=0.87,bear[break_impulse_range_atr<=0.72]  +  bull[signal_candle_opposite_extreme_atr<=0.87],1198,171.3,0.4449,0.3379,12,1.611
aoi_touch_count_since_creation<=4.0,break_impulse_body_atr<=0.64,bear[aoi_touch_count_since_creation<=4.0]  +  bull[break_impulse_body_atr<=0.64],1590,227.3,0.4447,0.339,14,1.615
break_impulse_body_atr<=0.59,break_impulse_range_atr<=0.83,bear[break_impulse_body_atr<=0.59]  +  bull[break_impulse_range_atr<=0.83],1165,166.5,0.4446,0.3353,13,1.605
recent_trend_payoff_atr_48h<=0.16,session_directional_bias>=0.2,bear[recent_trend_payoff_atr_48h<=0.16]  +  bull[session_directional_bias>=0.2],1073,153.4,0.4445,0.3498,13,1.639
break_impulse_body_atr<=0.59,distance_from_last_impulse_atr>=2.23,bear[break_impulse_body_atr<=0.59]  +  bull[distance_from_last_impulse_atr>=2.23],1170,167.3,0.4444,0.3398,17,1.616
break_impulse_range_atr<=0.72,break_impulse_body_atr<=0.64,bear[break_impulse_range_atr<=0.72]  +  bull[break_impulse_body_atr<=0.64],1188,169.8,0.4444,0.3388,13,1.614
htf_pos>=0.78,aoi_near_edge_atr<=0.14,bear[htf_pos>=0.78]  +  bull[aoi_near_edge_atr<=0.14],1089,155.7,0.4444,0.3354,13,1.605
aoi_near_edge_atr<=0.29,aoi_near_edge_atr<=0.14,bear[aoi_near_edge_atr<=0.29]  +  bull[aoi_near_edge_atr<=0.14],1171,167.4,0.4441,0.3341,12,1.602
htf_range_size_mid_atr>=25.16,signal_candle_opposite_extreme_atr<=0.87,bear[htf_range_size_mid_atr>=25.16]  +  bull[signal_candle_opposite_extreme_atr<=0.87],1203,172.0,0.4439,0.3336,15,1.601
htf_range_size_mid_atr>=20.14,signal_candle_opposite_extreme_atr<=0.58,bear[htf_range_size_mid_atr>=20.14]  +  bull[signal_candle_opposite_extreme_atr<=0.58],1165,166.5,0.4438,0.3369,18,1.609
htf_range_size_mid_atr>=20.14,aoi_height_atr<=1.12,bear[htf_range_size_mid_atr>=20.14]  +  bull[aoi_height_atr<=1.12],1172,167.5,0.4437,0.3522,12,1.648
break_impulse_body_atr<=0.59,aoi_midpoint_range_position_mid<=0.43,bear[break_impulse_body_atr<=0.59]  +  bull[aoi_midpoint_range_position_mid<=0.43],1170,167.3,0.4436,0.3377,14,1.612
max_retest_penetration_atr<=0.74,session_directional_bias>=0.2,bear[max_retest_penetration_atr<=0.74]  +  bull[session_directional_bias>=0.2],1073,153.4,0.4436,0.3402,12,1.617
htf_pos>=0.78,aoi_last_reaction_strength>=0.84,bear[htf_pos>=0.78]  +  bull[aoi_last_reaction_strength>=0.84],1017,145.4,0.4435,0.3377,12,1.61
break_impulse_body_atr<=0.59,break_close_location<=0.67,bear[break_impulse_body_atr<=0.59]  +  bull[break_close_location<=0.67],1166,166.7,0.4434,0.3329,13,1.6
htf_pos>=0.78,distance_from_last_impulse_atr<=0.38,bear[htf_pos>=0.78]  +  bull[distance_from_last_impulse_atr<=0.38],1096,156.7,0.4434,0.3303,15,1.593
htf_range_size_mid_atr>=25.16,break_impulse_body_atr<=0.64,bear[htf_range_size_mid_atr>=25.16]  +  bull[break_impulse_body_atr<=0.64],1193,170.5,0.4434,0.3345,16,1.604
break_impulse_body_atr<=0.59,break_impulse_range_atr<=1.14,bear[break_impulse_body_atr<=0.59]  +  bull[break_impulse_range_atr<=1.14],1579,225.7,0.4433,0.3317,18,1.597
htf_range_size_mid_atr>=20.14,break_impulse_body_atr<=0.37,bear[htf_range_size_mid_atr>=20.14]  +  bull[break_impulse_body_atr<=0.37],1162,166.1,0.4432,0.3352,19,1.605
aoi_touch_count_since_creation<=6.0,session_directional_bias>=0.2,bear[aoi_touch_count_since_creation<=6.0]  +  bull[session_directional_bias>=0.2],1530,218.7,0.4431,0.3411,17,1.62
aoi_near_edge_atr<=0.29,distance_from_last_impulse_atr<=0.38,bear[aoi_near_edge_atr<=0.29]  +  bull[distance_from_last_impulse_atr<=0.38],1178,168.4,0.4431,0.3294,14,1.591
aoi_near_edge_atr<=0.29,aoi_last_reaction_strength>=0.84,bear[aoi_near_edge_atr<=0.29]  +  bull[aoi_last_reaction_strength>=0.84],1099,157.1,0.4431,0.3362,12,1.607
htf_pos>=0.78,aoi_far_edge_atr<=1.43,bear[htf_pos>=0.78]  +  bull[aoi_far_edge_atr<=1.43],1099,157.1,0.4431,0.3355,12,1.607
htf_pos>=0.78,recent_trend_payoff_atr_48h<=-3.34,bear[htf_pos>=0.78]  +  bull[recent_trend_payoff_atr_48h<=-3.34],1097,156.8,0.443,0.3373,15,1.611
aoi_near_edge_atr<=0.29,aoi_far_edge_atr<=1.43,bear[aoi_near_edge_atr<=0.29]  +  bull[aoi_far_edge_atr<=1.43],1181,168.8,0.4428,0.3342,12,1.604
aoi_near_edge_atr<=0.29,recent_trend_payoff_atr_48h<=-3.34,bear[aoi_near_edge_atr<=0.29]  +  bull[recent_trend_payoff_atr_48h<=-3.34],1179,168.5,0.4427,0.3359,13,1.608
break_impulse_body_atr<=0.34,recent_trend_payoff_atr_24h<=-0.38,bear[break_impulse_body_atr<=0.34]  +  bull[recent_trend_payoff_atr_24h<=-0.38],1193,170.5,0.4426,0.338,11,1.613
break_impulse_body_atr<=0.34,aoi_near_edge_atr<=0.32,bear[break_impulse_body_atr<=0.34]  +  bull[aoi_near_edge_atr<=0.32],1187,169.7,0.4423,0.33,11,1.594
htf_pos>=0.78,break_impulse_range_atr<=0.83,bear[htf_pos>=0.78]  +  bull[break_impulse_range_atr<=0.83],1092,156.1,0.4423,0.3269,18,1.586
htf_range_size_mid_atr>=20.14,aoi_near_edge_atr<=0.14,bear[htf_range_size_mid_atr>=20.14]  +  bull[aoi_near_edge_atr<=0.14],1160,165.8,0.4422,0.3342,15,1.604
break_impulse_range_atr<=0.97,aoi_height_atr<=1.12,bear[break_impulse_range_atr<=0.97]  +  bull[aoi_height_atr<=1.12],1167,166.8,0.4422,0.3448,11,1.631
break_impulse_range_atr<=0.97,signal_candle_opposite_extreme_atr<=0.58,bear[break_impulse_range_atr<=0.97]  +  bull[signal_candle_opposite_extreme_atr<=0.58],1160,165.8,0.4422,0.3294,13,1.592
break_impulse_body_atr<=0.34,distance_from_last_impulse_atr>=0.93,bear[break_impulse_body_atr<=0.34]  +  bull[distance_from_last_impulse_atr>=0.93],1192,170.4,0.4421,0.3386,11,1.615
aoi_near_edge_atr<=0.29,break_impulse_range_atr<=0.83,bear[aoi_near_edge_atr<=0.29]  +  bull[break_impulse_range_atr<=0.83],1174,167.8,0.4421,0.3262,11,1.585
htf_pos>=0.78,distance_from_last_impulse_atr>=2.23,bear[htf_pos>=0.78]  +  bull[distance_from_last_impulse_atr>=2.23],1097,156.8,0.4421,0.3317,16,1.598
aoi_near_edge_atr<=0.29,distance_from_last_impulse_atr>=2.23,bear[aoi_near_edge_atr<=0.29]  +  bull[distance_from_last_impulse_atr>=2.23],1179,168.5,0.4419,0.3307,14,1.596
break_impulse_range_atr<=0.97,break_impulse_body_atr<=0.37,bear[break_impulse_range_atr<=0.97]  +  bull[break_impulse_body_atr<=0.37],1157,165.4,0.4417,0.3276,11,1.588
recent_trend_payoff_atr_48h<=0.16,signal_candle_opposite_extreme_atr<=0.58,bear[recent_trend_payoff_atr_48h<=0.16]  +  bull[signal_candle_opposite_extreme_atr<=0.58],1166,166.7,0.4417,0.3356,16,1.608
aoi_touch_count_since_creation<=4.0,recent_trend_payoff_atr_24h<=-0.38,bear[aoi_touch_count_since_creation<=4.0]  +  bull[recent_trend_payoff_atr_24h<=-0.38],1592,227.6,0.4416,0.3348,11,1.607
max_retest_penetration_atr<=0.46,recent_trend_payoff_atr_24h<=-0.38,bear[max_retest_penetration_atr<=0.46]  +  bull[recent_trend_payoff_atr_24h<=-0.38],1191,170.3,0.4416,0.338,12,1.614
htf_pos>=0.78,break_impulse_range_atr<=1.14,bear[htf_pos>=0.78]  +  bull[break_impulse_range_atr<=1.14],1506,215.3,0.4416,0.3255,15,1.584
recent_trend_payoff_atr_48h<=0.16,aoi_height_atr<=1.12,bear[recent_trend_payoff_atr_48h<=0.16]  +  bull[aoi_height_atr<=1.12],1173,167.7,0.4416,0.3509,13,1.647
aoi_touch_count_since_creation<=4.0,aoi_near_edge_atr<=0.32,bear[aoi_touch_count_since_creation<=4.0]  +  bull[aoi_near_edge_atr<=0.32],1586,226.7,0.4414,0.3288,12,1.592
max_retest_penetration_atr<=0.46,aoi_near_edge_atr<=0.32,bear[max_retest_penetration_atr<=0.46]  +  bull[aoi_near_edge_atr<=0.32],1185,169.4,0.4414,0.33,11,1.595
aoi_near_edge_atr<=0.29,break_impulse_range_atr<=1.14,bear[aoi_near_edge_atr<=0.29]  +  bull[break_impulse_range_atr<=1.14],1588,227.0,0.4414,0.325,16,1.583
htf_range_size_mid_atr>=20.14,distance_from_last_impulse_atr<=0.38,bear[htf_range_size_mid_atr>=20.14]  +  bull[distance_from_last_impulse_atr<=0.38],1167,166.8,0.4413,0.3294,17,1.593
aoi_touch_count_since_creation<=4.0,distance_from_last_impulse_atr>=0.93,bear[aoi_touch_count_since_creation<=4.0]  +  bull[distance_from_last_impulse_atr>=0.93],1591,227.4,0.4412,0.3353,13,1.608
aoi_touch_count_since_creation<=6.0,signal_candle_opposite_extreme_atr<=0.58,bear[aoi_touch_count_since_creation<=6.0]  +  bull[signal_candle_opposite_extreme_atr<=0.58],1623,232.0,0.4412,0.3314,12,1.598
max_retest_penetration_atr<=0.46,distance_from_last_impulse_atr>=0.93,bear[max_retest_penetration_atr<=0.46]  +  bull[distance_from_last_impulse_atr>=0.93],1190,170.1,0.4412,0.3387,13,1.616
signal_candle_opposite_extreme_atr<=0.53,recent_trend_payoff_atr_24h<=-0.38,bear[signal_candle_opposite_extreme_atr<=0.53]  +  bull[recent_trend_payoff_atr_24h<=-0.38],1190,170.1,0.4412,0.3338,11,1.604
aoi_far_edge_atr<=1.99,session_directional_bias>=0.2,bear[aoi_far_edge_atr<=1.99]  +  bull[session_directional_bias>=0.2],1455,208.0,0.4412,0.3304,16,1.595
htf_pos>=0.78,aoi_midpoint_range_position_mid<=0.43,bear[htf_pos>=0.78]  +  bull[aoi_midpoint_range_position_mid<=0.43],1097,156.8,0.4412,0.3295,14,1.594
htf_range_size_mid_atr>=20.14,aoi_last_reaction_strength>=0.84,bear[htf_range_size_mid_atr>=20.14]  +  bull[aoi_last_reaction_strength>=0.84],1088,155.5,0.4412,0.3363,15,1.609
aoi_touch_count_since_creation<=6.0,aoi_height_atr<=1.12,bear[aoi_touch_count_since_creation<=6.0]  +  bull[aoi_height_atr<=1.12],1630,233.0,0.4411,0.3424,12,1.626
aoi_near_edge_atr<=0.29,aoi_midpoint_range_position_mid<=0.43,bear[aoi_near_edge_atr<=0.29]  +  bull[aoi_midpoint_range_position_mid<=0.43],1179,168.5,0.4411,0.3287,15,1.592
recent_trend_payoff_atr_48h<=0.16,break_impulse_body_atr<=0.37,bear[recent_trend_payoff_atr_48h<=0.16]  +  bull[break_impulse_body_atr<=0.37],1163,166.3,0.4411,0.3339,17,1.604
break_impulse_body_atr<=0.59,signal_candle_opposite_extreme_atr<=0.87,bear[break_impulse_body_atr<=0.59]  +  bull[signal_candle_opposite_extreme_atr<=0.87],1585,226.6,0.441,0.325,16,1.583
htf_pos>=0.78,break_close_location<=0.67,bear[htf_pos>=0.78]  +  bull[break_close_location<=0.67],1093,156.2,0.441,0.3243,13,1.581
htf_range_size_mid_atr>=20.14,aoi_far_edge_atr<=1.43,bear[htf_range_size_mid_atr>=20.14]  +  bull[aoi_far_edge_atr<=1.43],1170,167.3,0.441,0.3343,13,1.606
signal_candle_opposite_extreme_atr<=0.53,aoi_near_edge_atr<=0.32,bear[signal_candle_opposite_extreme_atr<=0.53]  +  bull[aoi_near_edge_atr<=0.32],1184,169.3,0.4409,0.3257,11,1.585
aoi_near_edge_atr<=0.29,break_close_location<=0.67,bear[aoi_near_edge_atr<=0.29]  +  bull[break_close_location<=0.67],1175,168.0,0.4409,0.3238,13,1.58
htf_range_size_mid_atr>=20.14,recent_trend_payoff_atr_48h<=-3.34,bear[htf_range_size_mid_atr>=20.14]  +  bull[recent_trend_payoff_atr_48h<=-3.34],1168,167.0,0.4409,0.336,16,1.61
max_retest_penetration_atr<=0.74,aoi_height_atr<=1.12,bear[max_retest_penetration_atr<=0.74]  +  bull[aoi_height_atr<=1.12],1173,167.7,0.4408,0.3421,10,1.626
max_retest_penetration_atr<=0.74,signal_candle_opposite_extreme_atr<=0.58,bear[max_retest_penetration_atr<=0.74]  +  bull[signal_candle_opposite_extreme_atr<=0.58],1166,166.7,0.4408,0.3268,14,1.587
aoi_touch_count_since_creation<=6.0,break_impulse_body_atr<=0.37,bear[aoi_touch_count_since_creation<=6.0]  +  bull[break_impulse_body_atr<=0.37],1620,231.6,0.4407,0.3302,17,1.595
signal_candle_opposite_extreme_atr<=0.53,distance_from_last_impulse_atr>=0.93,bear[signal_candle_opposite_extreme_atr<=0.53]  +  bull[distance_from_last_impulse_atr>=0.93],1189,170.0,0.4407,0.3344,11,1.606
break_impulse_range_atr<=0.97,aoi_near_edge_atr<=0.14,bear[break_impulse_range_atr<=0.97]  +  bull[aoi_near_edge_atr<=0.14],1155,165.1,0.4407,0.3267,12,1.587
break_impulse_body_atr<=0.59,break_impulse_body_atr<=0.64,bear[break_impulse_body_atr<=0.59]  +  bull[break_impulse_body_atr<=0.64],1575,225.2,0.4406,0.3256,15,1.585
recent_trend_payoff_atr_48h<=2.54,session_directional_bias>=0.2,bear[recent_trend_payoff_atr_48h<=2.54]  +  bull[session_directional_bias>=0.2],1453,207.7,0.4405,0.3341,16,1.605
break_impulse_range_atr<=0.72,recent_trend_payoff_atr_24h<=-0.38,bear[break_impulse_range_atr<=0.72]  +  bull[recent_trend_payoff_atr_24h<=-0.38],1190,170.1,0.4403,0.3332,11,1.603
htf_range_size_mid_atr>=20.14,break_impulse_range_atr<=0.83,bear[htf_range_size_mid_atr>=20.14]  +  bull[break_impulse_range_atr<=0.83],1163,166.3,0.4402,0.3263,20,1.586
max_retest_penetration_atr<=0.74,break_impulse_body_atr<=0.37,bear[max_retest_penetration_atr<=0.74]  +  bull[break_impulse_body_atr<=0.37],1163,166.3,0.4402,0.325,12,1.583
htf_range_size_mid_atr>=20.14,break_impulse_range_atr<=1.14,bear[htf_range_size_mid_atr>=20.14]  +  bull[break_impulse_range_atr<=1.14],1577,225.4,0.4401,0.3251,20,1.584
htf_range_size_mid_atr>=20.14,distance_from_last_impulse_atr>=2.23,bear[htf_range_size_mid_atr>=20.14]  +  bull[distance_from_last_impulse_atr>=2.23],1168,167.0,0.4401,0.3308,17,1.597
recent_trend_payoff_atr_48h<=0.16,aoi_near_edge_atr<=0.14,bear[recent_trend_payoff_atr_48h<=0.16]  +  bull[aoi_near_edge_atr<=0.14],1161,166.0,0.4401,0.3329,12,1.602
aoi_touch_count_since_creation<=6.0,aoi_near_edge_atr<=0.14,bear[aoi_touch_count_since_creation<=6.0]  +  bull[aoi_near_edge_atr<=0.14],1618,231.3,0.44,0.3295,14,1.594
break_impulse_range_atr<=0.72,aoi_near_edge_atr<=0.32,bear[break_impulse_range_atr<=0.72]  +  bull[aoi_near_edge_atr<=0.32],1184,169.3,0.44,0.3251,12,1.584
break_impulse_range_atr<=0.72,distance_from_last_impulse_atr>=0.93,bear[break_impulse_range_atr<=0.72]  +  bull[distance_from_last_impulse_atr>=0.93],1189,170.0,0.4399,0.3338,13,1.605
break_impulse_range_atr<=0.97,distance_from_last_impulse_atr<=0.38,bear[break_impulse_range_atr<=0.97]  +  bull[distance_from_last_impulse_atr<=0.38],1162,166.1,0.4398,0.3219,13,1.576
break_impulse_range_atr<=0.97,aoi_far_edge_atr<=1.43,bear[break_impulse_range_atr<=0.97]  +  bull[aoi_far_edge_atr<=1.43],1165,166.5,0.4395,0.3269,10,1.589
break_impulse_range_atr<=0.97,aoi_last_reaction_strength>=0.84,bear[break_impulse_range_atr<=0.97]  +  bull[aoi_last_reaction_strength>=0.84],1083,154.8,0.4395,0.3283,12,1.591
aoi_touch_count_since_creation<=6.0,distance_from_last_impulse_atr<=0.38,bear[aoi_touch_count_since_creation<=6.0]  +  bull[distance_from_last_impulse_atr<=0.38],1625,232.3,0.4394,0.3261,15,1.587
break_impulse_range_atr<=0.97,recent_trend_payoff_atr_48h<=-3.34,bear[break_impulse_range_atr<=0.97]  +  bull[recent_trend_payoff_atr_48h<=-3.34],1163,166.3,0.4394,0.3286,13,1.593
trend_age_impulses<=5.0,session_directional_bias>=0.2,bear[trend_age_impulses<=5.0]  +  bull[session_directional_bias>=0.2],1254,179.3,0.4394,0.3307,14,1.597
aoi_far_edge_atr<=1.99,signal_candle_opposite_extreme_atr<=0.58,bear[aoi_far_edge_atr<=1.99]  +  bull[signal_candle_opposite_extreme_atr<=0.58],1548,221.3,0.4393,0.3209,17,1.574
htf_range_size_mid_atr>=25.16,recent_trend_payoff_atr_24h<=-0.38,bear[htf_range_size_mid_atr>=25.16]  +  bull[recent_trend_payoff_atr_24h<=-0.38],1195,170.8,0.4393,0.3289,10,1.594
max_retest_penetration_atr<=0.74,aoi_near_edge_atr<=0.14,bear[max_retest_penetration_atr<=0.74]  +  bull[aoi_near_edge_atr<=0.14],1161,166.0,0.4393,0.3241,13,1.581
aoi_touch_count_since_creation<=6.0,aoi_far_edge_atr<=1.43,bear[aoi_touch_count_since_creation<=6.0]  +  bull[aoi_far_edge_atr<=1.43],1628,232.7,0.4392,0.3296,14,1.596
aoi_touch_count_since_creation<=6.0,aoi_last_reaction_strength>=0.84,bear[aoi_touch_count_since_creation<=6.0]  +  bull[aoi_last_reaction_strength>=0.84],1546,221.0,0.4392,0.3307,12,1.597
aoi_far_edge_atr<=1.99,aoi_height_atr<=1.12,bear[aoi_far_edge_atr<=1.99]  +  bull[aoi_height_atr<=1.12],1555,222.3,0.4392,0.3325,15,1.603
htf_pos>=0.78,signal_candle_opposite_extreme_atr<=0.87,bear[htf_pos>=0.78]  +  bull[signal_candle_opposite_extreme_atr<=0.87],1512,216.1,0.4392,0.3184,19,1.568
htf_range_size_mid_atr>=20.14,aoi_midpoint_range_position_mid<=0.43,bear[htf_range_size_mid_atr>=20.14]  +  bull[aoi_midpoint_range_position_mid<=0.43],1168,167.0,0.4392,0.3287,15,1.593
recent_trend_payoff_atr_48h<=0.16,distance_from_last_impulse_atr<=0.38,bear[recent_trend_payoff_atr_48h<=0.16]  +  bull[distance_from_last_impulse_atr<=0.38],1168,167.0,0.4392,0.3282,15,1.592
aoi_touch_count_since_creation<=6.0,recent_trend_payoff_atr_48h<=-3.34,bear[aoi_touch_count_since_creation<=6.0]  +  bull[recent_trend_payoff_atr_48h<=-3.34],1626,232.4,0.4391,0.3308,13,1.598
aoi_near_edge_atr<=0.29,signal_candle_opposite_extreme_atr<=0.87,bear[aoi_near_edge_atr<=0.29]  +  bull[signal_candle_opposite_extreme_atr<=0.87],1594,227.9,0.4391,0.3184,14,1.568
htf_range_size_mid_atr>=25.16,aoi_near_edge_atr<=0.32,bear[htf_range_size_mid_atr>=25.16]  +  bull[aoi_near_edge_atr<=0.32],1189,170.0,0.439,0.3208,12,1.575
htf_range_size_mid_atr>=20.14,break_close_location<=0.67,bear[htf_range_size_mid_atr>=20.14]  +  bull[break_close_location<=0.67],1164,166.4,0.439,0.3238,15,1.582
htf_range_size_mid_atr>=25.16,distance_from_last_impulse_atr>=0.93,bear[htf_range_size_mid_atr>=25.16]  +  bull[distance_from_last_impulse_atr>=0.93],1194,170.7,0.4389,0.3295,12,1.596
break_impulse_range_atr<=0.97,break_impulse_range_atr<=1.14,bear[break_impulse_range_atr<=0.97]  +  bull[break_impulse_range_atr<=1.14],1572,224.7,0.4389,0.3195,16,1.571
recent_trend_payoff_atr_48h<=0.16,aoi_far_edge_atr<=1.43,bear[recent_trend_payoff_atr_48h<=0.16]  +  bull[aoi_far_edge_atr<=1.43],1171,167.4,0.4389,0.3331,14,1.604
recent_trend_payoff_atr_48h<=0.16,aoi_last_reaction_strength>=0.84,bear[recent_trend_payoff_atr_48h<=0.16]  +  bull[aoi_last_reaction_strength>=0.84],1089,155.7,0.4389,0.335,11,1.607
aoi_touch_count_since_creation<=6.0,break_impulse_range_atr<=1.14,bear[aoi_touch_count_since_creation<=6.0]  +  bull[break_impulse_range_atr<=1.14],2035,290.9,0.4388,0.3234,16,1.581
aoi_near_edge_atr<=0.29,break_impulse_body_atr<=0.64,bear[aoi_near_edge_atr<=0.29]  +  bull[break_impulse_body_atr<=0.64],1584,226.4,0.4388,0.319,14,1.57
aoi_far_edge_atr<=1.99,break_impulse_body_atr<=0.37,bear[aoi_far_edge_atr<=1.99]  +  bull[break_impulse_body_atr<=0.37],1545,220.9,0.4388,0.3196,15,1.571
recent_trend_payoff_atr_48h<=0.16,recent_trend_payoff_atr_48h<=-3.34,bear[recent_trend_payoff_atr_48h<=0.16]  +  bull[recent_trend_payoff_atr_48h<=-3.34],1169,167.1,0.4388,0.3348,14,1.608
htf_pos>=0.78,break_impulse_body_atr<=0.64,bear[htf_pos>=0.78]  +  bull[break_impulse_body_atr<=0.64],1502,214.7,0.4387,0.3191,20,1.571
break_impulse_range_atr<=0.97,break_impulse_range_atr<=0.83,bear[break_impulse_range_atr<=0.97]  +  bull[break_impulse_range_atr<=0.83],1158,165.5,0.4387,0.3187,11,1.569
aoi_touch_count_since_creation<=6.0,break_impulse_range_atr<=0.83,bear[aoi_touch_count_since_creation<=6.0]  +  bull[break_impulse_range_atr<=0.83],1621,231.7,0.4386,0.3238,15,1.582
recent_trend_payoff_atr_48h<=2.54,signal_candle_opposite_extreme_atr<=0.58,bear[recent_trend_payoff_atr_48h<=2.54]  +  bull[signal_candle_opposite_extreme_atr<=0.58],1546,221.0,0.4386,0.3244,20,1.583
aoi_touch_count_since_creation<=4.0,aoi_midpoint_range_position_high<=0.81,bear[aoi_touch_count_since_creation<=4.0]  +  bull[aoi_midpoint_range_position_high<=0.81],1991,284.6,0.4385,0.3274,13,1.591
aoi_touch_count_since_creation<=6.0,distance_from_last_impulse_atr>=2.23,bear[aoi_touch_count_since_creation<=6.0]  +  bull[distance_from_last_impulse_atr>=2.23],1626,232.4,0.4385,0.327,12,1.59
recent_trend_payoff_atr_48h<=2.54,aoi_height_atr<=1.12,bear[recent_trend_payoff_atr_48h<=2.54]  +  bull[aoi_height_atr<=1.12],1553,222.0,0.4385,0.336,15,1.612
break_impulse_range_atr<=0.97,distance_from_last_impulse_atr>=2.23,bear[break_impulse_range_atr<=0.97]  +  bull[distance_from_last_impulse_atr>=2.23],1163,166.3,0.4385,0.3233,15,1.58
recent_trend_payoff_atr_48h<=0.16,break_impulse_range_atr<=1.14,bear[recent_trend_payoff_atr_48h<=0.16]  +  bull[break_impulse_range_atr<=1.14],1578,225.6,0.4385,0.3242,17,1.583
break_impulse_body_atr<=0.34,aoi_midpoint_range_position_high<=0.81,bear[break_impulse_body_atr<=0.34]  +  bull[aoi_midpoint_range_position_high<=0.81],1592,227.6,0.4384,0.3279,12,1.592
max_retest_penetration_atr<=0.74,distance_from_last_impulse_atr<=0.38,bear[max_retest_penetration_atr<=0.74]  +  bull[distance_from_last_impulse_atr<=0.38],1168,167.0,0.4384,0.3194,14,1.571
aoi_far_edge_atr<=1.99,aoi_near_edge_atr<=0.14,bear[aoi_far_edge_atr<=1.99]  +  bull[aoi_near_edge_atr<=0.14],1543,220.6,0.4381,0.3188,13,1.57
recent_trend_payoff_atr_48h<=2.54,break_impulse_body_atr<=0.37,bear[recent_trend_payoff_atr_48h<=2.54]  +  bull[break_impulse_body_atr<=0.37],1543,220.6,0.4381,0.323,21,1.58
recent_trend_payoff_atr_48h<=0.16,break_impulse_range_atr<=0.83,bear[recent_trend_payoff_atr_48h<=0.16]  +  bull[break_impulse_range_atr<=0.83],1164,166.4,0.4381,0.325,18,1.585
max_retest_penetration_atr<=0.74,aoi_far_edge_atr<=1.43,bear[max_retest_penetration_atr<=0.74]  +  bull[aoi_far_edge_atr<=1.43],1171,167.4,0.4381,0.3243,12,1.584
recent_trend_payoff_atr_48h<=0.16,distance_from_last_impulse_atr>=2.23,bear[recent_trend_payoff_atr_48h<=0.16]  +  bull[distance_from_last_impulse_atr>=2.23],1169,167.1,0.438,0.3295,14,1.596
max_retest_penetration_atr<=0.74,recent_trend_payoff_atr_48h<=-3.34,bear[max_retest_penetration_atr<=0.74]  +  bull[recent_trend_payoff_atr_48h<=-3.34],1169,167.1,0.438,0.326,14,1.587
max_retest_penetration_atr<=0.74,aoi_last_reaction_strength>=0.84,bear[max_retest_penetration_atr<=0.74]  +  bull[aoi_last_reaction_strength>=0.84],1089,155.7,0.438,0.3255,13,1.585
aoi_touch_count_since_creation<=6.0,aoi_midpoint_range_position_mid<=0.43,bear[aoi_touch_count_since_creation<=6.0]  +  bull[aoi_midpoint_range_position_mid<=0.43],1626,232.4,0.4379,0.3256,20,1.587
max_retest_penetration_atr<=0.74,break_impulse_range_atr<=1.14,bear[max_retest_penetration_atr<=0.74]  +  bull[break_impulse_range_atr<=1.14],1578,225.6,0.4379,0.3176,17,1.568
htf_range_size_mid_atr>=20.14,signal_candle_opposite_extreme_atr<=0.87,bear[htf_range_size_mid_atr>=20.14]  +  bull[signal_candle_opposite_extreme_atr<=0.87],1583,226.3,0.4378,0.3184,21,1.569
aoi_touch_count_since_creation<=6.0,break_close_location<=0.67,bear[aoi_touch_count_since_creation<=6.0]  +  bull[break_close_location<=0.67],1622,231.9,0.4377,0.3221,11,1.578
max_retest_penetration_atr<=0.46,aoi_midpoint_range_position_high<=0.81,bear[max_retest_penetration_atr<=0.46]  +  bull[aoi_midpoint_range_position_high<=0.81],1590,227.3,0.4377,0.3279,15,1.592
break_impulse_range_atr<=0.97,aoi_midpoint_range_position_mid<=0.43,bear[break_impulse_range_atr<=0.97]  +  bull[aoi_midpoint_range_position_mid<=0.43],1163,166.3,0.4377,0.3212,15,1.576
break_impulse_body_atr<=0.59,recent_trend_payoff_atr_24h<=-0.38,bear[break_impulse_body_atr<=0.59]  +  bull[recent_trend_payoff_atr_24h<=-0.38],1577,225.4,0.4375,0.3214,16,1.577
signal_candle_opposite_extreme_atr<=0.53,aoi_midpoint_range_position_high<=0.81,bear[signal_candle_opposite_extreme_atr<=0.53]  +  bull[aoi_midpoint_range_position_high<=0.81],1589,227.2,0.4374,0.3247,13,1.585
aoi_far_edge_atr<=1.99,distance_from_last_impulse_atr<=0.38,bear[aoi_far_edge_atr<=1.99]  +  bull[distance_from_last_impulse_atr<=0.38],1550,221.6,0.4374,0.3153,15,1.562
recent_trend_payoff_atr_48h<=2.54,aoi_near_edge_atr<=0.14,bear[recent_trend_payoff_atr_48h<=2.54]  +  bull[aoi_near_edge_atr<=0.14],1541,220.3,0.4374,0.3223,14,1.579
htf_range_size_mid_atr>=20.14,break_impulse_body_atr<=0.64,bear[htf_range_size_mid_atr>=20.14]  +  bull[break_impulse_body_atr<=0.64],1573,224.9,0.4374,0.3189,22,1.571
break_impulse_range_atr<=0.97,break_close_location<=0.67,bear[break_impulse_range_atr<=0.97]  +  bull[break_close_location<=0.67],1159,165.7,0.4374,0.3163,11,1.565
break_impulse_body_atr<=0.59,aoi_near_edge_atr<=0.32,bear[break_impulse_body_atr<=0.59]  +  bull[aoi_near_edge_atr<=0.32],1571,224.6,0.4373,0.3153,14,1.562
max_retest_penetration_atr<=0.74,break_impulse_range_atr<=0.83,bear[max_retest_penetration_atr<=0.74]  +  bull[break_impulse_range_atr<=0.83],1164,166.4,0.4373,0.3162,12,1.564
trend_age_impulses<=5.0,signal_candle_opposite_extreme_atr<=0.58,bear[trend_age_impulses<=5.0]  +  bull[signal_candle_opposite_extreme_atr<=0.58],1347,192.6,0.4373,0.3198,17,1.573
break_impulse_body_atr<=0.59,distance_from_last_impulse_atr>=0.93,bear[break_impulse_body_atr<=0.59]  +  bull[distance_from_last_impulse_atr>=0.93],1576,225.3,0.4372,0.3218,17,1.578
aoi_far_edge_atr<=1.99,break_impulse_range_atr<=1.14,bear[aoi_far_edge_atr<=1.99]  +  bull[break_impulse_range_atr<=1.14],1960,280.2,0.4372,0.3147,18,1.561
aoi_far_edge_atr<=1.99,aoi_far_edge_atr<=1.43,bear[aoi_far_edge_atr<=1.99]  +  bull[aoi_far_edge_atr<=1.43],1553,222.0,0.4372,0.319,13,1.572
trend_age_impulses<=5.0,aoi_height_atr<=1.12,bear[trend_age_impulses<=5.0]  +  bull[aoi_height_atr<=1.12],1354,193.6,0.4372,0.3331,11,1.607
aoi_far_edge_atr<=1.99,recent_trend_payoff_atr_48h<=-3.34,bear[aoi_far_edge_atr<=1.99]  +  bull[recent_trend_payoff_atr_48h<=-3.34],1551,221.7,0.4371,0.3203,17,1.574
aoi_far_edge_atr<=1.99,aoi_last_reaction_strength>=0.84,bear[aoi_far_edge_atr<=1.99]  +  bull[aoi_last_reaction_strength>=0.84],1471,210.3,0.4371,0.3196,15,1.572
recent_trend_payoff_atr_48h<=0.16,aoi_midpoint_range_position_mid<=0.43,bear[recent_trend_payoff_atr_48h<=0.16]  +  bull[aoi_midpoint_range_position_mid<=0.43],1169,167.1,0.4371,0.3275,14,1.592
max_retest_penetration_atr<=0.74,distance_from_last_impulse_atr>=2.23,bear[max_retest_penetration_atr<=0.74]  +  bull[distance_from_last_impulse_atr>=2.23],1169,167.1,0.4371,0.3207,16,1.575
aoi_touch_count_since_creation<=6.0,signal_candle_opposite_extreme_atr<=0.87,bear[aoi_touch_count_since_creation<=6.0]  +  bull[signal_candle_opposite_extreme_atr<=0.87],2041,291.8,0.437,0.3182,16,1.57
htf_range_size_mid_atr>=16.49,session_directional_bias>=0.2,bear[htf_range_size_mid_atr>=16.49]  +  bull[session_directional_bias>=0.2],1453,207.7,0.437,0.3207,17,1.575
recent_trend_payoff_atr_48h<=0.16,break_close_location<=0.67,bear[recent_trend_payoff_atr_48h<=0.16]  +  bull[break_close_location<=0.67],1165,166.5,0.4369,0.3226,14,1.58
break_impulse_range_atr<=0.72,aoi_midpoint_range_position_high<=0.81,bear[break_impulse_range_atr<=0.72]  +  bull[aoi_midpoint_range_position_high<=0.81],1589,227.2,0.4368,0.3243,14,1.584
trend_age_impulses<=5.0,break_impulse_body_atr<=0.37,bear[trend_age_impulses<=5.0]  +  bull[break_impulse_body_atr<=0.37],1344,192.1,0.4368,0.3182,18,1.57
aoi_touch_count_since_creation<=6.0,break_impulse_body_atr<=0.64,bear[aoi_touch_count_since_creation<=6.0]  +  bull[break_impulse_body_atr<=0.64],2031,290.3,0.4367,0.3186,18,1.571
recent_trend_payoff_atr_48h<=2.54,break_impulse_range_atr<=1.14,bear[recent_trend_payoff_atr_48h<=2.54]  +  bull[break_impulse_range_atr<=1.14],1958,279.9,0.4367,0.3175,21,1.568
recent_trend_payoff_atr_48h<=2.54,distance_from_last_impulse_atr<=0.38,bear[recent_trend_payoff_atr_48h<=2.54]  +  bull[distance_from_last_impulse_atr<=0.38],1548,221.3,0.4367,0.3188,19,1.571
recent_trend_payoff_atr_24h<=1.62,session_directional_bias>=0.2,bear[recent_trend_payoff_atr_24h<=1.62]  +  bull[session_directional_bias>=0.2],1454,207.9,0.4367,0.3227,14,1.58
aoi_far_edge_atr<=1.99,break_impulse_range_atr<=0.83,bear[aoi_far_edge_atr<=1.99]  +  bull[break_impulse_range_atr<=0.83],1546,221.0,0.4366,0.3129,15,1.557
break_impulse_range_atr<=0.97,signal_candle_opposite_extreme_atr<=0.87,bear[break_impulse_range_atr<=0.97]  +  bull[signal_candle_opposite_extreme_atr<=0.87],1578,225.6,0.4366,0.3128,14,1.557
aoi_far_edge_atr<=1.99,distance_from_last_impulse_atr>=2.23,bear[aoi_far_edge_atr<=1.99]  +  bull[distance_from_last_impulse_atr>=2.23],1551,221.7,0.4365,0.3163,18,1.565
recent_trend_payoff_atr_48h<=2.54,aoi_far_edge_atr<=1.43,bear[recent_trend_payoff_atr_48h<=2.54]  +  bull[aoi_far_edge_atr<=1.43],1551,221.7,0.4365,0.3225,14,1.581
recent_trend_payoff_atr_48h<=2.54,recent_trend_payoff_atr_48h<=-3.34,bear[recent_trend_payoff_atr_48h<=2.54]  +  bull[recent_trend_payoff_atr_48h<=-3.34],1549,221.4,0.4364,0.3238,17,1.583
recent_trend_payoff_atr_48h<=2.54,aoi_last_reaction_strength>=0.84,bear[recent_trend_payoff_atr_48h<=2.54]  +  bull[aoi_last_reaction_strength>=0.84],1469,210.0,0.4364,0.3233,15,1.582
max_retest_penetration_atr<=0.74,aoi_midpoint_range_position_mid<=0.43,bear[max_retest_penetration_atr<=0.74]  +  bull[aoi_midpoint_range_position_mid<=0.43],1169,167.1,0.4363,0.3187,16,1.571
break_impulse_range_atr<=0.97,break_impulse_body_atr<=0.64,bear[break_impulse_range_atr<=0.97]  +  bull[break_impulse_body_atr<=0.64],1568,224.2,0.4362,0.3133,14,1.559
recent_trend_payoff_atr_48h<=0.16,signal_candle_opposite_extreme_atr<=0.87,bear[recent_trend_payoff_atr_48h<=0.16]  +  bull[signal_candle_opposite_extreme_atr<=0.87],1584,226.4,0.4362,0.3174,19,1.568
max_retest_penetration_atr<=0.74,break_close_location<=0.67,bear[max_retest_penetration_atr<=0.74]  +  bull[break_close_location<=0.67],1165,166.5,0.4361,0.3137,13,1.56
htf_range_size_mid_atr>=25.16,aoi_midpoint_range_position_high<=0.81,bear[htf_range_size_mid_atr>=25.16]  +  bull[aoi_midpoint_range_position_high<=0.81],1594,227.9,0.436,0.3211,10,1.577
recent_trend_payoff_atr_48h<=2.54,break_impulse_range_atr<=0.83,bear[recent_trend_payoff_atr_48h<=2.54]  +  bull[break_impulse_range_atr<=0.83],1544,220.7,0.4359,0.3164,22,1.566
trend_age_impulses<=5.0,aoi_near_edge_atr<=0.14,bear[trend_age_impulses<=5.0]  +  bull[aoi_near_edge_atr<=0.14],1342,191.8,0.4359,0.3174,11,1.569
aoi_far_edge_atr<=1.99,aoi_midpoint_range_position_mid<=0.43,bear[aoi_far_edge_atr<=1.99]  +  bull[aoi_midpoint_range_position_mid<=0.43],1551,221.7,0.4358,0.3148,15,1.562
recent_trend_payoff_atr_48h<=2.54,distance_from_last_impulse_atr>=2.23,bear[recent_trend_payoff_atr_48h<=2.54]  +  bull[distance_from_last_impulse_atr>=2.23],1549,221.4,0.4358,0.3198,19,1.574
recent_trend_payoff_atr_48h<=0.16,break_impulse_body_atr<=0.64,bear[recent_trend_payoff_atr_48h<=0.16]  +  bull[break_impulse_body_atr<=0.64],1574,225.0,0.4358,0.318,20,1.57
aoi_near_edge_atr<=0.29,recent_trend_payoff_atr_24h<=-0.38,bear[aoi_near_edge_atr<=0.29]  +  bull[recent_trend_payoff_atr_24h<=-0.38],1586,226.7,0.4357,0.3147,14,1.562
aoi_far_edge_atr<=1.99,break_close_location<=0.67,bear[aoi_far_edge_atr<=1.99]  +  bull[break_close_location<=0.67],1547,221.2,0.4357,0.3111,15,1.554
max_retest_penetration_atr<=0.74,signal_candle_opposite_extreme_atr<=0.87,bear[max_retest_penetration_atr<=0.74]  +  bull[signal_candle_opposite_extreme_atr<=0.87],1584,226.4,0.4356,0.3109,16,1.553
htf_pos>=0.78,recent_trend_payoff_atr_24h<=-0.38,bear[htf_pos>=0.78]  +  bull[recent_trend_payoff_atr_24h<=-0.38],1504,215.0,0.4355,0.3146,15,1.562
trend_age_impulses<=5.0,break_impulse_range_atr<=1.14,bear[trend_age_impulses<=5.0]  +  bull[break_impulse_range_atr<=1.14],1759,251.5,0.4355,0.3132,18,1.559
aoi_near_edge_atr<=0.29,aoi_near_edge_atr<=0.32,bear[aoi_near_edge_atr<=0.29]  +  bull[aoi_near_edge_atr<=0.32],1580,225.9,0.4354,0.3086,12,1.548
aoi_far_edge_atr<=1.99,signal_candle_opposite_extreme_atr<=0.87,bear[aoi_far_edge_atr<=1.99]  +  bull[signal_candle_opposite_extreme_atr<=0.87],1966,281.0,0.4354,0.3094,16,1.55
aoi_near_edge_atr<=0.29,distance_from_last_impulse_atr>=0.93,bear[aoi_near_edge_atr<=0.29]  +  bull[distance_from_last_impulse_atr>=0.93],1585,226.6,0.4353,0.3152,15,1.564
htf_range_size_mid_atr>=16.49,aoi_height_atr<=1.12,bear[htf_range_size_mid_atr>=16.49]  +  bull[aoi_height_atr<=1.12],1553,222.0,0.4353,0.3234,15,1.584
htf_range_size_mid_atr>=16.49,signal_candle_opposite_extreme_atr<=0.58,bear[htf_range_size_mid_atr>=16.49]  +  bull[signal_candle_opposite_extreme_atr<=0.58],1546,221.0,0.4353,0.3117,20,1.556
break_impulse_body_atr<=0.59,aoi_midpoint_range_position_high<=0.81,bear[break_impulse_body_atr<=0.59]  +  bull[aoi_midpoint_range_position_high<=0.81],1976,282.5,0.4352,0.3166,20,1.567
htf_pos>=0.78,aoi_near_edge_atr<=0.32,bear[htf_pos>=0.78]  +  bull[aoi_near_edge_atr<=0.32],1498,214.1,0.4352,0.3082,12,1.547
max_retest_penetration_atr<=0.74,break_impulse_body_atr<=0.64,bear[max_retest_penetration_atr<=0.74]  +  bull[break_impulse_body_atr<=0.64],1574,225.0,0.4352,0.3115,15,1.555
aoi_far_edge_atr<=1.99,break_impulse_body_atr<=0.64,bear[aoi_far_edge_atr<=1.99]  +  bull[break_impulse_body_atr<=0.64],1956,279.6,0.4351,0.3098,16,1.551
recent_trend_payoff_atr_48h<=2.54,aoi_midpoint_range_position_mid<=0.43,bear[recent_trend_payoff_atr_48h<=2.54]  +  bull[aoi_midpoint_range_position_mid<=0.43],1549,221.4,0.4351,0.3182,17,1.571
htf_pos>=0.78,distance_from_last_impulse_atr>=0.93,bear[htf_pos>=0.78]  +  bull[distance_from_last_impulse_atr>=0.93],1503,214.9,0.4351,0.3151,18,1.564
trend_age_impulses<=5.0,distance_from_last_impulse_atr<=0.38,bear[trend_age_impulses<=5.0]  +  bull[distance_from_last_impulse_atr<=0.38],1349,192.8,0.4351,0.3134,17,1.56
recent_trend_payoff_atr_48h<=2.54,break_close_location<=0.67,bear[recent_trend_payoff_atr_48h<=2.54]  +  bull[break_close_location<=0.67],1545,220.9,0.435,0.3145,17,1.562
recent_trend_payoff_atr_24h<=1.62,aoi_height_atr<=1.12,bear[recent_trend_payoff_atr_24h<=1.62]  +  bull[aoi_height_atr<=1.12],1554,222.2,0.435,0.3253,13,1.589
recent_trend_payoff_atr_24h<=1.62,signal_candle_opposite_extreme_atr<=0.58,bear[recent_trend_payoff_atr_24h<=1.62]  +  bull[signal_candle_opposite_extreme_atr<=0.58],1547,221.2,0.435,0.3136,15,1.56
htf_range_size_mid_atr>=16.49,break_impulse_body_atr<=0.37,bear[htf_range_size_mid_atr>=16.49]  +  bull[break_impulse_body_atr<=0.37],1543,220.6,0.4349,0.3104,18,1.553
trend_age_impulses<=5.0,aoi_far_edge_atr<=1.43,bear[trend_age_impulses<=5.0]  +  bull[aoi_far_edge_atr<=1.43],1352,193.3,0.4349,0.3176,12,1.571
recent_trend_payoff_atr_48h<=2.54,signal_candle_opposite_extreme_atr<=0.87,bear[recent_trend_payoff_atr_48h<=2.54]  +  bull[signal_candle_opposite_extreme_atr<=0.87],1964,280.8,0.4348,0.3121,23,1.557
trend_age_impulses<=5.0,recent_trend_payoff_atr_48h<=-3.34,bear[trend_age_impulses<=5.0]  +  bull[recent_trend_payoff_atr_48h<=-3.34],1350,193.0,0.4348,0.3191,14,1.574
recent_trend_payoff_atr_24h<=1.62,break_impulse_body_atr<=0.37,bear[recent_trend_payoff_atr_24h<=1.62]  +  bull[break_impulse_body_atr<=0.37],1544,220.7,0.4346,0.3123,16,1.557
trend_age_impulses<=5.0,aoi_last_reaction_strength>=0.84,bear[trend_age_impulses<=5.0]  +  bull[aoi_last_reaction_strength>=0.84],1270,181.6,0.4346,0.3182,12,1.571
recent_trend_payoff_atr_48h<=2.54,break_impulse_body_atr<=0.64,bear[recent_trend_payoff_atr_48h<=2.54]  +  bull[break_impulse_body_atr<=0.64],1954,279.3,0.4345,0.3125,24,1.558
aoi_touch_count_since_creation<=6.0,recent_trend_payoff_atr_24h<=-0.38,bear[aoi_touch_count_since_creation<=6.0]  +  bull[recent_trend_payoff_atr_24h<=-0.38],2033,290.6,0.4343,0.3153,14,1.565
htf_range_size_mid_atr>=20.14,recent_trend_payoff_atr_24h<=-0.38,bear[htf_range_size_mid_atr>=20.14]  +  bull[recent_trend_payoff_atr_24h<=-0.38],1575,225.2,0.4343,0.3147,18,1.563
trend_age_impulses<=5.0,break_impulse_range_atr<=0.83,bear[trend_age_impulses<=5.0]  +  bull[break_impulse_range_atr<=0.83],1345,192.3,0.4342,0.3106,19,1.554
aoi_touch_count_since_creation<=6.0,aoi_near_edge_atr<=0.32,bear[aoi_touch_count_since_creation<=6.0]  +  bull[aoi_near_edge_atr<=0.32],2027,289.8,0.4341,0.3106,12,1.554
aoi_touch_count_since_creation<=6.0,distance_from_last_impulse_atr>=0.93,bear[aoi_touch_count_since_creation<=6.0]  +  bull[distance_from_last_impulse_atr>=0.93],2032,290.5,0.4341,0.3157,13,1.566
htf_range_size_mid_atr>=16.49,break_impulse_range_atr<=1.14,bear[htf_range_size_mid_atr>=16.49]  +  bull[break_impulse_range_atr<=1.14],1958,279.9,0.4341,0.3075,23,1.547
htf_range_size_mid_atr>=16.49,aoi_near_edge_atr<=0.14,bear[htf_range_size_mid_atr>=16.49]  +  bull[aoi_near_edge_atr<=0.14],1541,220.3,0.4341,0.3096,18,1.551
trend_age_impulses<=5.0,distance_from_last_impulse_atr>=2.23,bear[trend_age_impulses<=5.0]  +  bull[distance_from_last_impulse_atr>=2.23],1350,193.0,0.4341,0.3145,14,1.563
htf_range_size_mid_atr>=20.14,aoi_near_edge_atr<=0.32,bear[htf_range_size_mid_atr>=20.14]  +  bull[aoi_near_edge_atr<=0.32],1569,224.3,0.434,0.3086,16,1.549
htf_range_size_mid_atr>=20.14,distance_from_last_impulse_atr>=0.93,bear[htf_range_size_mid_atr>=20.14]  +  bull[distance_from_last_impulse_atr>=0.93],1574,225.0,0.4339,0.3152,17,1.565
recent_trend_payoff_atr_24h<=1.62,break_impulse_range_atr<=1.14,bear[recent_trend_payoff_atr_24h<=1.62]  +  bull[break_impulse_range_atr<=1.14],1959,280.0,0.4339,0.309,16,1.55
recent_trend_payoff_atr_24h<=1.62,aoi_near_edge_atr<=0.14,bear[recent_trend_payoff_atr_24h<=1.62]  +  bull[aoi_near_edge_atr<=0.14],1542,220.4,0.4339,0.3115,15,1.556
aoi_near_edge_atr<=0.29,aoi_midpoint_range_position_high<=0.81,bear[aoi_near_edge_atr<=0.29]  +  bull[aoi_midpoint_range_position_high<=0.81],1985,283.8,0.4338,0.3113,18,1.556
htf_pos>=0.78,aoi_midpoint_range_position_high<=0.81,bear[htf_pos>=0.78]  +  bull[aoi_midpoint_range_position_high<=0.81],1903,272.0,0.4335,0.3111,17,1.555
htf_range_size_mid_atr>=16.49,distance_from_last_impulse_atr<=0.38,bear[htf_range_size_mid_atr>=16.49]  +  bull[distance_from_last_impulse_atr<=0.38],1548,221.3,0.4335,0.3062,18,1.544
trend_age_impulses<=5.0,signal_candle_opposite_extreme_atr<=0.87,bear[trend_age_impulses<=5.0]  +  bull[signal_candle_opposite_extreme_atr<=0.87],1765,252.3,0.4334,0.3072,20,1.546
htf_range_size_mid_atr>=16.49,aoi_far_edge_atr<=1.43,bear[htf_range_size_mid_atr>=16.49]  +  bull[aoi_far_edge_atr<=1.43],1551,221.7,0.4333,0.3099,17,1.553
trend_age_impulses<=5.0,aoi_midpoint_range_position_mid<=0.43,bear[trend_age_impulses<=5.0]  +  bull[aoi_midpoint_range_position_mid<=0.43],1350,193.0,0.4333,0.3127,16,1.56
htf_range_size_mid_atr>=16.49,recent_trend_payoff_atr_48h<=-3.34,bear[htf_range_size_mid_atr>=16.49]  +  bull[recent_trend_payoff_atr_48h<=-3.34],1549,221.4,0.4332,0.3112,20,1.556
recent_trend_payoff_atr_24h<=1.62,distance_from_last_impulse_atr<=0.38,bear[recent_trend_payoff_atr_24h<=1.62]  +  bull[distance_from_last_impulse_atr<=0.38],1549,221.4,0.4332,0.308,16,1.548
break_impulse_range_atr<=0.97,recent_trend_payoff_atr_24h<=-0.38,bear[break_impulse_range_atr<=0.97]  +  bull[recent_trend_payoff_atr_24h<=-0.38],1570,224.4,0.4331,0.3091,14,1.551
trend_age_impulses<=5.0,break_close_location<=0.67,bear[trend_age_impulses<=5.0]  +  bull[break_close_location<=0.67],1346,192.4,0.4331,0.3085,14,1.55
aoi_touch_count_since_creation<=6.0,aoi_midpoint_range_position_high<=0.81,bear[aoi_touch_count_since_creation<=6.0]  +  bull[aoi_midpoint_range_position_high<=0.81],2432,347.7,0.433,0.3124,14,1.559
recent_trend_payoff_atr_24h<=1.62,aoi_far_edge_atr<=1.43,bear[recent_trend_payoff_atr_24h<=1.62]  +  bull[aoi_far_edge_atr<=1.43],1552,221.9,0.433,0.3118,13,1.558
trend_age_impulses<=5.0,break_impulse_body_atr<=0.64,bear[trend_age_impulses<=5.0]  +  bull[break_impulse_body_atr<=0.64],1755,250.9,0.433,0.3077,21,1.548
break_impulse_range_atr<=0.97,aoi_near_edge_atr<=0.32,bear[break_impulse_range_atr<=0.97]  +  bull[aoi_near_edge_atr<=0.32],1564,223.6,0.4329,0.3029,12,1.537
htf_range_size_mid_atr>=16.49,aoi_last_reaction_strength>=0.84,bear[htf_range_size_mid_atr>=16.49]  +  bull[aoi_last_reaction_strength>=0.84],1469,210.0,0.4329,0.31,19,1.553
recent_trend_payoff_atr_24h<=1.62,recent_trend_payoff_atr_48h<=-3.34,bear[recent_trend_payoff_atr_24h<=1.62]  +  bull[recent_trend_payoff_atr_48h<=-3.34],1550,221.6,0.4329,0.313,15,1.56
break_impulse_range_atr<=0.97,distance_from_last_impulse_atr>=0.93,bear[break_impulse_range_atr<=0.97]  +  bull[distance_from_last_impulse_atr>=0.93],1569,224.3,0.4328,0.3096,17,1.552
recent_trend_payoff_atr_48h<=0.16,recent_trend_payoff_atr_24h<=-0.38,bear[recent_trend_payoff_atr_48h<=0.16]  +  bull[recent_trend_payoff_atr_24h<=-0.38],1576,225.3,0.4327,0.3138,15,1.562
recent_trend_payoff_atr_24h<=1.62,aoi_last_reaction_strength>=0.84,bear[recent_trend_payoff_atr_24h<=1.62]  +  bull[aoi_last_reaction_strength>=0.84],1470,210.1,0.4327,0.312,12,1.557
aoi_far_edge_atr<=1.99,recent_trend_payoff_atr_24h<=-0.38,bear[aoi_far_edge_atr<=1.99]  +  bull[recent_trend_payoff_atr_24h<=-0.38],1958,279.9,0.4326,0.3064,18,1.545
htf_range_size_mid_atr>=20.14,aoi_midpoint_range_position_high<=0.81,bear[htf_range_size_mid_atr>=20.14]  +  bull[aoi_midpoint_range_position_high<=0.81],1974,282.2,0.4326,0.3113,20,1.556
htf_range_size_mid_atr>=16.49,break_impulse_range_atr<=0.83,bear[htf_range_size_mid_atr>=16.49]  +  bull[break_impulse_range_atr<=0.83],1544,220.7,0.4326,0.3037,18,1.539
recent_trend_payoff_atr_48h<=0.16,aoi_near_edge_atr<=0.32,bear[recent_trend_payoff_atr_48h<=0.16]  +  bull[aoi_near_edge_atr<=0.32],1570,224.4,0.4325,0.3076,14,1.548
htf_range_size_mid_atr>=16.49,distance_from_last_impulse_atr>=2.23,bear[htf_range_size_mid_atr>=16.49]  +  bull[distance_from_last_impulse_atr>=2.23],1549,221.4,0.4325,0.3072,21,1.547
aoi_far_edge_atr<=1.99,aoi_near_edge_atr<=0.32,bear[aoi_far_edge_atr<=1.99]  +  bull[aoi_near_edge_atr<=0.32],1952,279.0,0.4324,0.3014,15,1.534
recent_trend_payoff_atr_48h<=0.16,distance_from_last_impulse_atr>=0.93,bear[recent_trend_payoff_atr_48h<=0.16]  +  bull[distance_from_last_impulse_atr>=0.93],1575,225.2,0.4324,0.3143,16,1.563
recent_trend_payoff_atr_24h<=1.62,break_impulse_range_atr<=0.83,bear[recent_trend_payoff_atr_24h<=1.62]  +  bull[break_impulse_range_atr<=0.83],1545,220.9,0.4324,0.3056,15,1.543
aoi_far_edge_atr<=1.99,distance_from_last_impulse_atr>=0.93,bear[aoi_far_edge_atr<=1.99]  +  bull[distance_from_last_impulse_atr>=0.93],1957,279.8,0.4323,0.3068,20,1.546
htf_range_size_mid_atr>=16.49,signal_candle_opposite_extreme_atr<=0.87,bear[htf_range_size_mid_atr>=16.49]  +  bull[signal_candle_opposite_extreme_atr<=0.87],1964,280.8,0.4323,0.3022,22,1.536
recent_trend_payoff_atr_24h<=1.62,distance_from_last_impulse_atr>=2.23,bear[recent_trend_payoff_atr_24h<=1.62]  +  bull[distance_from_last_impulse_atr>=2.23],1550,221.6,0.4323,0.3091,12,1.551
max_retest_penetration_atr<=0.74,recent_trend_payoff_atr_24h<=-0.38,bear[max_retest_penetration_atr<=0.74]  +  bull[recent_trend_payoff_atr_24h<=-0.38],1576,225.3,0.4321,0.3072,16,1.547
recent_trend_payoff_atr_24h<=1.62,signal_candle_opposite_extreme_atr<=0.87,bear[recent_trend_payoff_atr_24h<=1.62]  +  bull[signal_candle_opposite_extreme_atr<=0.87],1965,280.9,0.4321,0.3036,15,1.539
recent_trend_payoff_atr_48h<=2.54,recent_trend_payoff_atr_24h<=-0.38,bear[recent_trend_payoff_atr_48h<=2.54]  +  bull[recent_trend_payoff_atr_24h<=-0.38],1956,279.6,0.432,0.3091,18,1.552
htf_range_size_mid_atr>=16.49,break_impulse_body_atr<=0.64,bear[htf_range_size_mid_atr>=16.49]  +  bull[break_impulse_body_atr<=0.64],1954,279.3,0.4319,0.3025,21,1.537
htf_range_size_mid_atr>=16.49,aoi_midpoint_range_position_mid<=0.43,bear[htf_range_size_mid_atr>=16.49]  +  bull[aoi_midpoint_range_position_mid<=0.43],1549,221.4,0.4319,0.3056,19,1.544
recent_trend_payoff_atr_48h<=2.54,aoi_near_edge_atr<=0.32,bear[recent_trend_payoff_atr_48h<=2.54]  +  bull[aoi_near_edge_atr<=0.32],1950,278.8,0.4318,0.3042,17,1.54
max_retest_penetration_atr<=0.74,aoi_near_edge_atr<=0.32,bear[max_retest_penetration_atr<=0.74]  +  bull[aoi_near_edge_atr<=0.32],1570,224.4,0.4318,0.3011,14,1.533
recent_trend_payoff_atr_48h<=2.54,distance_from_last_impulse_atr>=0.93,bear[recent_trend_payoff_atr_48h<=2.54]  +  bull[distance_from_last_impulse_atr>=0.93],1955,279.5,0.4317,0.3095,21,1.553
break_impulse_range_atr<=0.97,aoi_midpoint_range_position_high<=0.81,bear[break_impulse_range_atr<=0.97]  +  bull[aoi_midpoint_range_position_high<=0.81],1969,281.5,0.4317,0.3068,18,1.546
htf_range_size_mid_atr>=16.49,break_close_location<=0.67,bear[htf_range_size_mid_atr>=16.49]  +  bull[break_close_location<=0.67],1545,220.9,0.4317,0.3019,19,1.535
max_retest_penetration_atr<=0.74,distance_from_last_impulse_atr>=0.93,bear[max_retest_penetration_atr<=0.74]  +  bull[distance_from_last_impulse_atr>=0.93],1575,225.2,0.4317,0.3077,15,1.549
recent_trend_payoff_atr_24h<=1.62,break_impulse_body_atr<=0.64,bear[recent_trend_payoff_atr_24h<=1.62]  +  bull[break_impulse_body_atr<=0.64],1955,279.5,0.4317,0.304,16,1.54
recent_trend_payoff_atr_24h<=1.62,aoi_midpoint_range_position_mid<=0.43,bear[recent_trend_payoff_atr_24h<=1.62]  +  bull[aoi_midpoint_range_position_mid<=0.43],1550,221.6,0.4316,0.3075,16,1.548
aoi_far_edge_atr<=1.99,aoi_midpoint_range_position_high<=0.81,bear[aoi_far_edge_atr<=1.99]  +  bull[aoi_midpoint_range_position_high<=0.81],2357,336.9,0.4315,0.3049,20,1.542
recent_trend_payoff_atr_48h<=0.16,aoi_midpoint_range_position_high<=0.81,bear[recent_trend_payoff_atr_48h<=0.16]  +  bull[aoi_midpoint_range_position_high<=0.81],1975,282.3,0.4314,0.3105,17,1.555
recent_trend_payoff_atr_24h<=1.62,break_close_location<=0.67,bear[recent_trend_payoff_atr_24h<=1.62]  +  bull[break_close_location<=0.67],1546,221.0,0.4314,0.3038,12,1.54
recent_trend_payoff_atr_48h<=2.54,aoi_midpoint_range_position_high<=0.81,bear[recent_trend_payoff_atr_48h<=2.54]  +  bull[aoi_midpoint_range_position_high<=0.81],2355,336.7,0.431,0.3072,20,1.548
max_retest_penetration_atr<=0.74,aoi_midpoint_range_position_high<=0.81,bear[max_retest_penetration_atr<=0.74]  +  bull[aoi_midpoint_range_position_high<=0.81],1975,282.3,0.4309,0.3053,18,1.544
trend_age_impulses<=5.0,recent_trend_payoff_atr_24h<=-0.38,bear[trend_age_impulses<=5.0]  +  bull[recent_trend_payoff_atr_24h<=-0.38],1757,251.2,0.4303,0.3039,13,1.541
trend_age_impulses<=5.0,aoi_near_edge_atr<=0.32,bear[trend_age_impulses<=5.0]  +  bull[aoi_near_edge_atr<=0.32],1751,250.3,0.43,0.2983,14,1.528
trend_age_impulses<=5.0,distance_from_last_impulse_atr>=0.93,bear[trend_age_impulses<=5.0]  +  bull[distance_from_last_impulse_atr>=0.93],1756,251.0,0.43,0.3043,12,1.542
trend_age_impulses<=5.0,aoi_midpoint_range_position_high<=0.81,bear[trend_age_impulses<=5.0]  +  bull[aoi_midpoint_range_position_high<=0.81],2156,308.2,0.4295,0.3027,15,1.539
htf_range_size_mid_atr>=16.49,recent_trend_payoff_atr_24h<=-0.38,bear[htf_range_size_mid_atr>=16.49]  +  bull[recent_trend_payoff_atr_24h<=-0.38],1956,279.6,0.4294,0.2991,22,1.531
htf_range_size_mid_atr>=16.49,aoi_near_edge_atr<=0.32,bear[htf_range_size_mid_atr>=16.49]  +  bull[aoi_near_edge_atr<=0.32],1950,278.8,0.4292,0.2942,20,1.519
htf_range_size_mid_atr>=16.49,distance_from_last_impulse_atr>=0.93,bear[htf_range_size_mid_atr>=16.49]  +  bull[distance_from_last_impulse_atr>=0.93],1955,279.5,0.4292,0.2995,20,1.532
recent_trend_payoff_atr_24h<=1.62,recent_trend_payoff_atr_24h<=-0.38,bear[recent_trend_payoff_atr_24h<=1.62]  +  bull[recent_trend_payoff_atr_24h<=-0.38],1957,279.8,0.4292,0.3006,13,1.534
recent_trend_payoff_atr_24h<=1.62,aoi_near_edge_atr<=0.32,bear[recent_trend_payoff_atr_24h<=1.62]  +  bull[aoi_near_edge_atr<=0.32],1951,278.9,0.429,0.2956,16,1.523
htf_range_size_mid_atr>=16.49,aoi_midpoint_range_position_high<=0.81,bear[htf_range_size_mid_atr>=16.49]  +  bull[aoi_midpoint_range_position_high<=0.81],2355,336.7,0.4289,0.2989,24,1.53
recent_trend_payoff_atr_24h<=1.62,distance_from_last_impulse_atr>=0.93,bear[recent_trend_payoff_atr_24h<=1.62]  +  bull[distance_from_last_impulse_atr>=0.93],1956,279.6,0.4289,0.301,15,1.535
recent_trend_payoff_atr_24h<=1.62,aoi_midpoint_range_position_high<=0.81,bear[recent_trend_payoff_atr_24h<=1.62]  +  bull[aoi_midpoint_range_position_high<=0.81],2356,336.8,0.4287,0.3001,13,1.533
