seed,sl_model,rr_multiple,symbol,window_name,hours_kept,n_hours,n_trades,trades_per_year,win_pct,sl_pct,timeout_pct,expectancy_r,max_losing_streak,profit_factor
ATR1,SL_ATR_1_0,2.0,AUDCAD,best_4h,"[1, 4, 8, 17]",4,108,15.4,0.4444,0.5556,0.0,0.3333,8,1.6
ATR1,SL_ATR_1_0,2.0,AUDCAD,best_5h,"[1, 3, 4, 8, 17]",5,131,18.7,0.4351,0.5649,0.0,0.3053,10,1.541
ATR1,SL_ATR_1_0,2.0,AUDCAD,best_6h,"[1, 2, 3, 4, 8, 17]",6,172,24.6,0.4244,0.5756,0.0,0.2733,10,1.475
ATR1,SL_ATR_1_0,2.0,AUDCAD,best_7h,"[1, 2, 3, 4, 6, 8, 17]",7,203,29.0,0.4187,0.5813,0.0,0.2562,13,1.441
ATR1,SL_ATR_1_0,2.0,AUDCAD,best_8h,"[1, 2, 3, 4, 6, 8, 15, 17]",8,234,33.5,0.4145,0.5855,0.0,0.2436,7,1.416
ATR1,SL_ATR_1_0,2.0,AUDCAD,excl_16worst,"[1, 2, 3, 4, 6, 8, 15, 17]",8,234,33.5,0.4145,0.5855,0.0,0.2436,7,1.416
ATR1,SL_ATR_1_0,2.0,AUDCAD,best_9h,"[1, 2, 3, 4, 6, 8, 15, 16, 17]",9,255,36.5,0.4118,0.5882,0.0,0.2353,8,1.4
ATR1,SL_ATR_1_0,2.0,AUDCAD,excl_15worst,"[1, 2, 3, 4, 6, 8, 15, 16, 17]",9,255,36.5,0.4118,0.5882,0.0,0.2353,8,1.4
ATR1,SL_ATR_1_0,2.0,AUDCAD,h01+4h,"[1, 2, 3, 4]",4,116,16.6,0.4052,0.5948,0.0,0.2155,17,1.362
ATR1,SL_ATR_1_0,2.0,AUDCAD,best_10h,"[1, 2, 3, 4, 6, 8, 14, 15, 16, 17]",10,294,42.0,0.4048,0.5952,0.0,0.2143,8,1.36
ATR1,SL_ATR_1_0,2.0,AUDCHF,best_6h,"[0, 4, 11, 12, 15, 19]",6,117,16.7,0.4103,0.5897,0.0,0.2308,8,1.391
ATR1,SL_ATR_1_0,2.0,AUDCHF,best_7h,"[0, 4, 8, 11, 12, 15, 19]",7,132,18.9,0.4015,0.5985,0.0,0.2045,8,1.342
ATR1,SL_ATR_1_0,2.0,AUDCHF,best_8h,"[0, 4, 8, 11, 12, 15, 19, 22]",8,175,25.0,0.3771,0.6229,0.0,0.1314,8,1.211
ATR1,SL_ATR_1_0,2.0,AUDCHF,excl_16worst,"[0, 4, 8, 11, 12, 15, 19, 22]",8,175,25.0,0.3771,0.6229,0.0,0.1314,8,1.211
ATR1,SL_ATR_1_0,2.0,AUDCHF,best_9h,"[0, 4, 8, 10, 11, 12, 15, 19, 22]",9,195,27.9,0.3692,0.6308,0.0,0.1077,12,1.171
ATR1,SL_ATR_1_0,2.0,AUDCHF,excl_15worst,"[0, 4, 8, 10, 11, 12, 15, 19, 22]",9,195,27.9,0.3692,0.6308,0.0,0.1077,12,1.171
ATR1,SL_ATR_1_0,2.0,AUDCHF,best_10h,"[0, 3, 4, 8, 10, 11, 12, 15, 19, 22]",10,215,30.7,0.3628,0.6372,0.0,0.0884,13,1.139
ATR1,SL_ATR_1_0,2.0,AUDCHF,excl_14worst,"[0, 3, 4, 8, 10, 11, 12, 15, 19, 22]",10,215,30.7,0.3628,0.6372,0.0,0.0884,13,1.139
ATR1,SL_ATR_1_0,2.0,AUDCHF,best_11h,"[0, 1, 3, 4, 8, 10, 11, 12, 15, 19, 22]",11,252,36.0,0.3532,0.6468,0.0,0.0595,13,1.092
ATR1,SL_ATR_1_0,2.0,AUDCHF,excl_13worst,"[0, 1, 3, 4, 8, 10, 11, 12, 15, 19, 22]",11,252,36.0,0.3532,0.6468,0.0,0.0595,13,1.092
ATR1,SL_ATR_1_0,2.0,AUDJPY,best_5h,"[7, 8, 9, 13, 19]",5,119,17.0,0.4202,0.5798,0.0,0.2605,14,1.449
ATR1,SL_ATR_1_0,2.0,AUDJPY,best_6h,"[3, 7, 8, 9, 13, 19]",6,151,21.6,0.4106,0.5894,0.0,0.2318,16,1.393
ATR1,SL_ATR_1_0,2.0,AUDJPY,best_7h,"[3, 7, 8, 9, 12, 13, 19]",7,188,26.9,0.3989,0.6011,0.0,0.1968,15,1.327
ATR1,SL_ATR_1_0,2.0,AUDJPY,h07+4h,"[7, 8, 9, 10]",4,108,15.4,0.3981,0.6019,0.0,0.1944,13,1.323
ATR1,SL_ATR_1_0,2.0,AUDJPY,ld_open,"[6, 7, 8, 9]",4,111,15.9,0.3964,0.6036,0.0,0.1892,13,1.313
ATR1,SL_ATR_1_0,2.0,AUDJPY,h06+4h,"[6, 7, 8, 9]",4,111,15.9,0.3964,0.6036,0.0,0.1892,13,1.313
ATR1,SL_ATR_1_0,2.0,AUDJPY,best_8h,"[3, 7, 8, 9, 12, 13, 18, 19]",8,214,30.6,0.3925,0.6075,0.0,0.1776,14,1.292
ATR1,SL_ATR_1_0,2.0,AUDJPY,excl_16worst,"[3, 7, 8, 9, 12, 13, 18, 19]",8,214,30.6,0.3925,0.6075,0.0,0.1776,14,1.292
ATR1,SL_ATR_1_0,2.0,AUDJPY,best_9h,"[3, 7, 8, 9, 12, 13, 18, 19, 23]",9,243,34.7,0.3868,0.6132,0.0,0.1605,14,1.262
ATR1,SL_ATR_1_0,2.0,AUDJPY,excl_15worst,"[3, 7, 8, 9, 12, 13, 18, 19, 23]",9,243,34.7,0.3868,0.6132,0.0,0.1605,14,1.262
ATR1,SL_ATR_1_0,2.0,AUDUSD,best_5h,"[7, 10, 13, 17, 18]",5,124,17.7,0.5161,0.4839,0.0,0.5484,5,2.133
ATR1,SL_ATR_1_0,2.0,AUDUSD,best_6h,"[1, 7, 10, 13, 17, 18]",6,162,23.2,0.5,0.5,0.0,0.5,6,2.0
ATR1,SL_ATR_1_0,2.0,AUDUSD,best_7h,"[1, 5, 7, 10, 13, 17, 18]",7,190,27.2,0.4895,0.5105,0.0,0.4684,6,1.918
ATR1,SL_ATR_1_0,2.0,AUDUSD,best_8h,"[1, 5, 7, 10, 12, 13, 17, 18]",8,202,28.9,0.4851,0.5149,0.0,0.4554,6,1.885
ATR1,SL_ATR_1_0,2.0,AUDUSD,excl_16worst,"[1, 5, 7, 10, 12, 13, 17, 18]",8,202,28.9,0.4851,0.5149,0.0,0.4554,6,1.885
ATR1,SL_ATR_1_0,2.0,AUDUSD,best_9h,"[1, 5, 7, 10, 11, 12, 13, 17, 18]",9,224,32.0,0.4777,0.5223,0.0,0.433,6,1.829
ATR1,SL_ATR_1_0,2.0,AUDUSD,excl_15worst,"[1, 5, 7, 10, 11, 12, 13, 17, 18]",9,224,32.0,0.4777,0.5223,0.0,0.433,6,1.829
ATR1,SL_ATR_1_0,2.0,AUDUSD,best_10h,"[1, 5, 7, 10, 11, 12, 13, 17, 18, 21]",10,251,35.9,0.4701,0.5299,0.0,0.4104,9,1.774
ATR1,SL_ATR_1_0,2.0,AUDUSD,excl_14worst,"[1, 5, 7, 10, 11, 12, 13, 17, 18, 21]",10,251,35.9,0.4701,0.5299,0.0,0.4104,9,1.774
ATR1,SL_ATR_1_0,2.0,AUDUSD,best_11h,"[1, 5, 7, 10, 11, 12, 13, 15, 17, 18, 21]",11,281,40.2,0.4591,0.5409,0.0,0.3772,10,1.697
ATR1,SL_ATR_1_0,2.0,CADJPY,best_3h,"[6, 14, 22]",3,114,16.3,0.4474,0.5526,0.0,0.3421,9,1.619
ATR1,SL_ATR_1_0,2.0,CADJPY,best_4h,"[6, 9, 14, 22]",4,147,21.0,0.4422,0.5578,0.0,0.3265,9,1.585
ATR1,SL_ATR_1_0,2.0,CADJPY,best_5h,"[6, 7, 9, 14, 22]",5,182,26.0,0.4341,0.5659,0.0,0.3022,9,1.534
ATR1,SL_ATR_1_0,2.0,CADJPY,best_6h,"[6, 7, 9, 13, 14, 22]",6,219,31.3,0.4247,0.5708,0.0046,0.2823,12,1.495
ATR1,SL_ATR_1_0,2.0,CADJPY,best_7h,"[6, 7, 9, 13, 14, 18, 22]",7,246,35.2,0.4187,0.5772,0.0041,0.2635,12,1.457
ATR1,SL_ATR_1_0,2.0,CADJPY,best_8h,"[6, 7, 9, 10, 13, 14, 18, 22]",8,268,38.3,0.4142,0.5821,0.0037,0.2494,13,1.428
ATR1,SL_ATR_1_0,2.0,CADJPY,excl_16worst,"[6, 7, 9, 10, 13, 14, 18, 22]",8,268,38.3,0.4142,0.5821,0.0037,0.2494,13,1.428
ATR1,SL_ATR_1_0,2.0,CADJPY,best_9h,"[6, 7, 8, 9, 10, 13, 14, 18, 22]",9,294,42.0,0.4082,0.5884,0.0034,0.2307,11,1.392
ATR1,SL_ATR_1_0,2.0,CADJPY,excl_15worst,"[6, 7, 8, 9, 10, 13, 14, 18, 22]",9,294,42.0,0.4082,0.5884,0.0034,0.2307,11,1.392
ATR1,SL_ATR_1_0,2.0,CADJPY,ld_open,"[6, 7, 8, 9]",4,123,17.6,0.4065,0.5935,0.0,0.2195,6,1.37
ATR1,SL_ATR_1_0,2.0,CHFJPY,best_3h,"[2, 12, 15]",3,128,18.3,0.4453,0.5547,0.0,0.3359,7,1.606
ATR1,SL_ATR_1_0,2.0,CHFJPY,best_4h,"[0, 2, 12, 15]",4,163,23.3,0.4294,0.5706,0.0,0.2883,8,1.505
ATR1,SL_ATR_1_0,2.0,CHFJPY,best_5h,"[0, 2, 4, 12, 15]",5,194,27.7,0.4175,0.5825,0.0,0.2526,10,1.434
ATR1,SL_ATR_1_0,2.0,CHFJPY,best_6h,"[0, 2, 4, 12, 14, 15]",6,239,34.2,0.4017,0.5983,0.0,0.205,13,1.343
ATR1,SL_ATR_1_0,2.0,CHFJPY,best_7h,"[0, 2, 4, 10, 12, 14, 15]",7,276,39.5,0.3913,0.6087,0.0,0.1739,14,1.286
ATR1,SL_ATR_1_0,2.0,CHFJPY,ny_open,"[12, 13, 14, 15]",4,178,25.4,0.3876,0.6124,0.0,0.1629,7,1.266
ATR1,SL_ATR_1_0,2.0,CHFJPY,h12+4h,"[12, 13, 14, 15]",4,178,25.4,0.3876,0.6124,0.0,0.1629,7,1.266
ATR1,SL_ATR_1_0,2.0,CHFJPY,best_8h,"[0, 2, 4, 10, 12, 14, 15, 17]",8,317,45.3,0.3817,0.6183,0.0,0.1451,16,1.235
ATR1,SL_ATR_1_0,2.0,CHFJPY,excl_16worst,"[0, 2, 4, 10, 12, 14, 15, 17]",8,317,45.3,0.3817,0.6183,0.0,0.1451,16,1.235
ATR1,SL_ATR_1_0,2.0,CHFJPY,best_9h,"[0, 1, 2, 4, 10, 12, 14, 15, 17]",9,362,51.7,0.3729,0.6271,0.0,0.1188,17,1.189
ATR1,SL_ATR_1_0,2.0,EURAUD,best_3h,"[1, 5, 8]",3,113,16.2,0.4425,0.5575,0.0,0.3274,7,1.587
ATR1,SL_ATR_1_0,2.0,EURAUD,best_4h,"[1, 5, 8, 11]",4,149,21.3,0.4295,0.5705,0.0,0.2886,8,1.506
ATR1,SL_ATR_1_0,2.0,EURAUD,best_5h,"[1, 5, 8, 11, 14]",5,193,27.6,0.4197,0.5803,0.0,0.2591,9,1.446
ATR1,SL_ATR_1_0,2.0,EURAUD,best_6h,"[1, 5, 8, 11, 14, 23]",6,219,31.3,0.4155,0.5845,0.0,0.2466,11,1.422
ATR1,SL_ATR_1_0,2.0,EURAUD,best_7h,"[1, 5, 8, 11, 14, 22, 23]",7,266,38.0,0.4098,0.5902,0.0,0.2293,8,1.389
ATR1,SL_ATR_1_0,2.0,EURAUD,best_8h,"[1, 4, 5, 8, 11, 14, 22, 23]",8,288,41.2,0.4062,0.5938,0.0,0.2188,8,1.368
ATR1,SL_ATR_1_0,2.0,EURAUD,excl_16worst,"[1, 4, 5, 8, 11, 14, 22, 23]",8,288,41.2,0.4062,0.5938,0.0,0.2188,8,1.368
ATR1,SL_ATR_1_0,2.0,EURAUD,best_9h,"[1, 4, 5, 8, 11, 13, 14, 22, 23]",9,328,46.9,0.3994,0.6006,0.0,0.1982,10,1.33
ATR1,SL_ATR_1_0,2.0,EURAUD,excl_15worst,"[1, 4, 5, 8, 11, 13, 14, 22, 23]",9,328,46.9,0.3994,0.6006,0.0,0.1982,10,1.33
ATR1,SL_ATR_1_0,2.0,EURAUD,best_10h,"[1, 4, 5, 8, 11, 12, 13, 14, 22, 23]",10,367,52.5,0.3924,0.6076,0.0,0.1771,12,1.291
ATR1,SL_ATR_1_0,2.0,EURCAD,best_4h,"[3, 4, 8, 22]",4,111,15.9,0.4775,0.5225,0.0,0.4324,9,1.828
ATR1,SL_ATR_1_0,2.0,EURCAD,best_5h,"[3, 4, 6, 8, 22]",5,146,20.9,0.4658,0.5342,0.0,0.3973,12,1.744
ATR1,SL_ATR_1_0,2.0,EURCAD,best_6h,"[0, 3, 4, 6, 8, 22]",6,179,25.6,0.4525,0.5475,0.0,0.3575,9,1.653
ATR1,SL_ATR_1_0,2.0,EURCAD,best_7h,"[0, 3, 4, 6, 8, 15, 22]",7,211,30.2,0.4408,0.5592,0.0,0.3223,11,1.576
ATR1,SL_ATR_1_0,2.0,EURCAD,best_8h,"[0, 3, 4, 6, 8, 13, 15, 22]",8,268,38.3,0.4254,0.5746,0.0,0.2761,13,1.481
ATR1,SL_ATR_1_0,2.0,EURCAD,excl_16worst,"[0, 3, 4, 6, 8, 13, 15, 22]",8,268,38.3,0.4254,0.5746,0.0,0.2761,13,1.481
ATR1,SL_ATR_1_0,2.0,EURCAD,best_9h,"[0, 3, 4, 6, 8, 13, 14, 15, 22]",9,315,45.0,0.4127,0.5873,0.0,0.2381,13,1.405
ATR1,SL_ATR_1_0,2.0,EURCAD,excl_15worst,"[0, 3, 4, 6, 8, 13, 14, 15, 22]",9,315,45.0,0.4127,0.5873,0.0,0.2381,13,1.405
ATR1,SL_ATR_1_0,2.0,EURCAD,best_10h,"[0, 3, 4, 6, 8, 13, 14, 15, 21, 22]",10,346,49.5,0.4046,0.5954,0.0,0.2139,15,1.359
ATR1,SL_ATR_1_0,2.0,EURCAD,excl_14worst,"[0, 3, 4, 6, 8, 13, 14, 15, 21, 22]",10,346,49.5,0.4046,0.5954,0.0,0.2139,15,1.359
ATR1,SL_ATR_1_0,2.0,EURCHF,best_7h,"[2, 5, 9, 13, 20, 21, 23]",7,106,15.2,0.434,0.566,0.0,0.3019,8,1.533
ATR1,SL_ATR_1_0,2.0,EURCHF,best_8h,"[2, 5, 9, 13, 15, 20, 21, 23]",8,126,18.0,0.4286,0.5714,0.0,0.2857,11,1.5
ATR1,SL_ATR_1_0,2.0,EURCHF,excl_16worst,"[2, 5, 9, 13, 15, 20, 21, 23]",8,126,18.0,0.4286,0.5714,0.0,0.2857,11,1.5
ATR1,SL_ATR_1_0,2.0,EURCHF,best_9h,"[2, 5, 9, 13, 15, 20, 21, 22, 23]",9,154,22.0,0.4156,0.5844,0.0,0.2468,8,1.422
ATR1,SL_ATR_1_0,2.0,EURCHF,excl_15worst,"[2, 5, 9, 13, 15, 20, 21, 22, 23]",9,154,22.0,0.4156,0.5844,0.0,0.2468,8,1.422
ATR1,SL_ATR_1_0,2.0,EURCHF,best_10h,"[2, 5, 7, 9, 13, 15, 20, 21, 22, 23]",10,182,26.0,0.4066,0.5934,0.0,0.2198,9,1.37
ATR1,SL_ATR_1_0,2.0,EURCHF,excl_14worst,"[2, 5, 7, 9, 13, 15, 20, 21, 22, 23]",10,182,26.0,0.4066,0.5934,0.0,0.2198,9,1.37
ATR1,SL_ATR_1_0,2.0,EURCHF,best_11h,"[2, 5, 6, 7, 9, 13, 15, 20, 21, 22, 23]",11,201,28.7,0.398,0.602,0.0,0.194,11,1.322
ATR1,SL_ATR_1_0,2.0,EURCHF,excl_13worst,"[2, 5, 6, 7, 9, 13, 15, 20, 21, 22, 23]",11,201,28.7,0.398,0.602,0.0,0.194,11,1.322
ATR1,SL_ATR_1_0,2.0,EURCHF,best_12h,"[2, 5, 6, 7, 9, 10, 13, 15, 20, 21, 22, 23]",12,222,31.7,0.3874,0.6126,0.0,0.1622,13,1.265
ATR1,SL_ATR_1_0,2.0,EURGBP,best_9h,"[0, 1, 3, 4, 5, 12, 14, 20, 21]",9,127,18.2,0.4409,0.5591,0.0,0.3228,7,1.577
ATR1,SL_ATR_1_0,2.0,EURGBP,excl_15worst,"[0, 1, 3, 4, 5, 12, 14, 20, 21]",9,127,18.2,0.4409,0.5591,0.0,0.3228,7,1.577
ATR1,SL_ATR_1_0,2.0,EURGBP,best_10h,"[0, 1, 2, 3, 4, 5, 12, 14, 20, 21]",10,141,20.2,0.4326,0.5674,0.0,0.2979,6,1.525
ATR1,SL_ATR_1_0,2.0,EURGBP,excl_14worst,"[0, 1, 2, 3, 4, 5, 12, 14, 20, 21]",10,141,20.2,0.4326,0.5674,0.0,0.2979,6,1.525
ATR1,SL_ATR_1_0,2.0,EURGBP,best_11h,"[0, 1, 2, 3, 4, 5, 9, 12, 14, 20, 21]",11,163,23.3,0.4172,0.5828,0.0,0.2515,7,1.432
ATR1,SL_ATR_1_0,2.0,EURGBP,excl_13worst,"[0, 1, 2, 3, 4, 5, 9, 12, 14, 20, 21]",11,163,23.3,0.4172,0.5828,0.0,0.2515,7,1.432
ATR1,SL_ATR_1_0,2.0,EURGBP,best_12h,"[0, 1, 2, 3, 4, 5, 9, 12, 14, 17, 20, 21]",12,179,25.6,0.4078,0.5922,0.0,0.2235,9,1.377
ATR1,SL_ATR_1_0,2.0,EURGBP,excl_12worst,"[0, 1, 2, 3, 4, 5, 9, 12, 14, 17, 20, 21]",12,179,25.6,0.4078,0.5922,0.0,0.2235,9,1.377
ATR1,SL_ATR_1_0,2.0,EURGBP,best_13h,"[0, 1, 2, 3, 4, 5, 9, 12, 14, 15, 17, 20, 21]",13,195,27.9,0.4,0.6,0.0,0.2,9,1.333
ATR1,SL_ATR_1_0,2.0,EURGBP,excl_11worst,"[0, 1, 2, 3, 4, 5, 9, 12, 14, 15, 17, 20, 21]",13,195,27.9,0.4,0.6,0.0,0.2,9,1.333
ATR1,SL_ATR_1_0,2.0,EURJPY,best_5h,"[1, 4, 13, 14, 23]",5,144,20.6,0.4792,0.5208,0.0,0.4375,5,1.84
ATR1,SL_ATR_1_0,2.0,EURJPY,best_6h,"[1, 4, 8, 13, 14, 23]",6,168,24.0,0.4702,0.5298,0.0,0.4107,5,1.775
ATR1,SL_ATR_1_0,2.0,EURJPY,best_7h,"[1, 4, 7, 8, 13, 14, 23]",7,204,29.2,0.4608,0.5392,0.0,0.3824,8,1.709
ATR1,SL_ATR_1_0,2.0,EURJPY,best_8h,"[1, 4, 7, 8, 13, 14, 15, 23]",8,231,33.0,0.4545,0.5455,0.0,0.3636,9,1.667
ATR1,SL_ATR_1_0,2.0,EURJPY,excl_16worst,"[1, 4, 7, 8, 13, 14, 15, 23]",8,231,33.0,0.4545,0.5455,0.0,0.3636,9,1.667
ATR1,SL_ATR_1_0,2.0,EURJPY,best_9h,"[1, 4, 7, 8, 12, 13, 14, 15, 23]",9,263,37.6,0.4449,0.5513,0.0038,0.3379,10,1.612
ATR1,SL_ATR_1_0,2.0,EURJPY,excl_15worst,"[1, 4, 7, 8, 12, 13, 14, 15, 23]",9,263,37.6,0.4449,0.5513,0.0038,0.3379,10,1.612
ATR1,SL_ATR_1_0,2.0,EURJPY,best_10h,"[1, 4, 7, 8, 12, 13, 14, 15, 19, 23]",10,287,41.0,0.439,0.5575,0.0035,0.3201,10,1.574
ATR1,SL_ATR_1_0,2.0,EURJPY,excl_14worst,"[1, 4, 7, 8, 12, 13, 14, 15, 19, 23]",10,287,41.0,0.439,0.5575,0.0035,0.3201,10,1.574
ATR1,SL_ATR_1_0,2.0,EURJPY,best_11h,"[1, 4, 7, 8, 10, 12, 13, 14, 15, 19, 23]",11,314,44.9,0.4331,0.5637,0.0032,0.3021,11,1.536
ATR1,SL_ATR_1_0,2.0,EURNZD,best_4h,"[1, 6, 8, 9]",4,146,20.9,0.4863,0.5137,0.0,0.4589,4,1.893
ATR1,SL_ATR_1_0,2.0,EURNZD,best_5h,"[1, 6, 8, 9, 23]",5,183,26.2,0.4754,0.5246,0.0,0.4262,6,1.812
ATR1,SL_ATR_1_0,2.0,EURNZD,best_6h,"[1, 6, 8, 9, 12, 23]",6,219,31.3,0.4658,0.5342,0.0,0.3973,6,1.744
ATR1,SL_ATR_1_0,2.0,EURNZD,best_7h,"[1, 6, 8, 9, 12, 17, 23]",7,252,36.0,0.4563,0.5437,0.0,0.369,7,1.679
ATR1,SL_ATR_1_0,2.0,EURNZD,ld_open,"[6, 7, 8, 9]",4,123,17.6,0.4553,0.5447,0.0,0.3659,8,1.672
ATR1,SL_ATR_1_0,2.0,EURNZD,h06+4h,"[6, 7, 8, 9]",4,123,17.6,0.4553,0.5447,0.0,0.3659,8,1.672
ATR1,SL_ATR_1_0,2.0,EURNZD,best_8h,"[1, 6, 8, 9, 11, 12, 17, 23]",8,280,40.0,0.45,0.55,0.0,0.35,7,1.636
ATR1,SL_ATR_1_0,2.0,EURNZD,excl_16worst,"[1, 6, 8, 9, 11, 12, 17, 23]",8,280,40.0,0.45,0.55,0.0,0.35,7,1.636
ATR1,SL_ATR_1_0,2.0,EURNZD,best_9h,"[1, 6, 8, 9, 11, 12, 15, 17, 23]",9,312,44.6,0.4423,0.5577,0.0,0.3269,8,1.586
ATR1,SL_ATR_1_0,2.0,EURNZD,excl_15worst,"[1, 6, 8, 9, 11, 12, 15, 17, 23]",9,312,44.6,0.4423,0.5577,0.0,0.3269,8,1.586
ATR1,SL_ATR_1_0,2.0,EURUSD,best_6h,"[1, 2, 4, 5, 17, 22]",6,129,18.4,0.4574,0.5426,0.0,0.3721,7,1.686
ATR1,SL_ATR_1_0,2.0,EURUSD,best_7h,"[1, 2, 4, 5, 7, 17, 22]",7,158,22.6,0.4494,0.5506,0.0,0.3481,10,1.632
ATR1,SL_ATR_1_0,2.0,EURUSD,best_8h,"[1, 2, 4, 5, 7, 15, 17, 22]",8,188,26.9,0.4415,0.5585,0.0,0.3245,13,1.581
ATR1,SL_ATR_1_0,2.0,EURUSD,excl_16worst,"[1, 2, 4, 5, 7, 15, 17, 22]",8,188,26.9,0.4415,0.5585,0.0,0.3245,13,1.581
ATR1,SL_ATR_1_0,2.0,EURUSD,best_9h,"[1, 2, 4, 5, 7, 15, 17, 21, 22]",9,206,29.4,0.4369,0.5631,0.0,0.3107,15,1.552
ATR1,SL_ATR_1_0,2.0,EURUSD,excl_15worst,"[1, 2, 4, 5, 7, 15, 17, 21, 22]",9,206,29.4,0.4369,0.5631,0.0,0.3107,15,1.552
ATR1,SL_ATR_1_0,2.0,EURUSD,best_10h,"[1, 2, 4, 5, 7, 8, 15, 17, 21, 22]",10,239,34.2,0.4268,0.5732,0.0,0.2803,10,1.489
ATR1,SL_ATR_1_0,2.0,EURUSD,excl_14worst,"[1, 2, 4, 5, 7, 8, 15, 17, 21, 22]",10,239,34.2,0.4268,0.5732,0.0,0.2803,10,1.489
ATR1,SL_ATR_1_0,2.0,EURUSD,best_11h,"[1, 2, 4, 5, 7, 8, 9, 15, 17, 21, 22]",11,266,38.0,0.4173,0.5827,0.0,0.2519,11,1.432
ATR1,SL_ATR_1_0,2.0,EURUSD,excl_13worst,"[1, 2, 4, 5, 7, 8, 9, 15, 17, 21, 22]",11,266,38.0,0.4173,0.5827,0.0,0.2519,11,1.432
ATR1,SL_ATR_1_0,2.0,GBPAUD,best_3h,"[4, 14, 23]",3,105,15.0,0.4286,0.5714,0.0,0.2857,9,1.5
ATR1,SL_ATR_1_0,2.0,GBPAUD,best_4h,"[4, 14, 15, 23]",4,140,20.0,0.4143,0.5857,0.0,0.2429,7,1.415
ATR1,SL_ATR_1_0,2.0,GBPAUD,best_5h,"[4, 5, 14, 15, 23]",5,169,24.2,0.4024,0.5976,0.0,0.2071,7,1.347
ATR1,SL_ATR_1_0,2.0,GBPAUD,best_6h,"[4, 5, 6, 14, 15, 23]",6,207,29.6,0.3913,0.6087,0.0,0.1739,8,1.286
ATR1,SL_ATR_1_0,2.0,GBPAUD,best_7h,"[4, 5, 6, 12, 14, 15, 23]",7,243,34.7,0.3827,0.6173,0.0,0.1481,10,1.24
ATR1,SL_ATR_1_0,2.0,GBPAUD,best_8h,"[4, 5, 6, 8, 12, 14, 15, 23]",8,271,38.7,0.3764,0.6236,0.0,0.1292,8,1.207
ATR1,SL_ATR_1_0,2.0,GBPAUD,excl_16worst,"[4, 5, 6, 8, 12, 14, 15, 23]",8,271,38.7,0.3764,0.6236,0.0,0.1292,8,1.207
ATR1,SL_ATR_1_0,2.0,GBPAUD,best_9h,"[3, 4, 5, 6, 8, 12, 14, 15, 23]",9,293,41.9,0.372,0.628,0.0,0.116,9,1.185
ATR1,SL_ATR_1_0,2.0,GBPAUD,excl_15worst,"[3, 4, 5, 6, 8, 12, 14, 15, 23]",9,293,41.9,0.372,0.628,0.0,0.116,9,1.185
ATR1,SL_ATR_1_0,2.0,GBPAUD,best_10h,"[3, 4, 5, 6, 8, 12, 14, 15, 18, 23]",10,325,46.5,0.3662,0.6338,0.0,0.0985,10,1.155
ATR1,SL_ATR_1_0,2.0,GBPCAD,best_5h,"[2, 4, 5, 9, 19]",5,123,17.6,0.4634,0.5366,0.0,0.3902,10,1.727
ATR1,SL_ATR_1_0,2.0,GBPCAD,best_6h,"[2, 4, 5, 8, 9, 19]",6,156,22.3,0.4423,0.5577,0.0,0.3269,6,1.586
ATR1,SL_ATR_1_0,2.0,GBPCAD,best_7h,"[2, 4, 5, 8, 9, 11, 19]",7,195,27.9,0.4256,0.5744,0.0,0.2769,8,1.482
ATR1,SL_ATR_1_0,2.0,GBPCAD,best_8h,"[2, 4, 5, 8, 9, 11, 19, 23]",8,212,30.3,0.4198,0.5802,0.0,0.2594,9,1.447
ATR1,SL_ATR_1_0,2.0,GBPCAD,excl_16worst,"[2, 4, 5, 8, 9, 11, 19, 23]",8,212,30.3,0.4198,0.5802,0.0,0.2594,9,1.447
ATR1,SL_ATR_1_0,2.0,GBPCAD,h02+5h,"[2, 3, 4, 5, 6]",5,114,16.3,0.4123,0.5877,0.0,0.2368,9,1.403
ATR1,SL_ATR_1_0,2.0,GBPCAD,best_9h,"[2, 4, 5, 8, 9, 11, 14, 19, 23]",9,266,38.0,0.4023,0.5977,0.0,0.2068,8,1.346
ATR1,SL_ATR_1_0,2.0,GBPCAD,excl_15worst,"[2, 4, 5, 8, 9, 11, 14, 19, 23]",9,266,38.0,0.4023,0.5977,0.0,0.2068,8,1.346
ATR1,SL_ATR_1_0,2.0,GBPCAD,best_10h,"[2, 4, 5, 8, 9, 11, 14, 19, 20, 23]",10,290,41.5,0.3966,0.6034,0.0,0.1897,8,1.314
ATR1,SL_ATR_1_0,2.0,GBPCAD,excl_14worst,"[2, 4, 5, 8, 9, 11, 14, 19, 20, 23]",10,290,41.5,0.3966,0.6034,0.0,0.1897,8,1.314
ATR1,SL_ATR_1_0,2.0,GBPCHF,best_4h,"[5, 7, 9, 13]",4,138,19.7,0.4493,0.5507,0.0,0.3478,7,1.632
ATR1,SL_ATR_1_0,2.0,GBPCHF,best_5h,"[5, 7, 9, 13, 22]",5,175,25.0,0.44,0.56,0.0,0.32,11,1.571
ATR1,SL_ATR_1_0,2.0,GBPCHF,best_6h,"[5, 7, 8, 9, 13, 22]",6,205,29.3,0.4341,0.5659,0.0,0.3024,10,1.534
ATR1,SL_ATR_1_0,2.0,GBPCHF,best_7h,"[5, 7, 8, 9, 13, 22, 23]",7,235,33.6,0.4298,0.5702,0.0,0.2894,11,1.507
ATR1,SL_ATR_1_0,2.0,GBPCHF,best_8h,"[5, 7, 8, 9, 13, 18, 22, 23]",8,265,37.9,0.4226,0.5774,0.0,0.2679,10,1.464
ATR1,SL_ATR_1_0,2.0,GBPCHF,excl_16worst,"[5, 7, 8, 9, 13, 18, 22, 23]",8,265,37.9,0.4226,0.5774,0.0,0.2679,10,1.464
ATR1,SL_ATR_1_0,2.0,GBPCHF,best_9h,"[2, 5, 7, 8, 9, 13, 18, 22, 23]",9,291,41.6,0.4158,0.5842,0.0,0.2474,12,1.424
ATR1,SL_ATR_1_0,2.0,GBPCHF,excl_15worst,"[2, 5, 7, 8, 9, 13, 18, 22, 23]",9,291,41.6,0.4158,0.5842,0.0,0.2474,12,1.424
ATR1,SL_ATR_1_0,2.0,GBPCHF,best_10h,"[2, 3, 5, 7, 8, 9, 13, 18, 22, 23]",10,312,44.6,0.4103,0.5897,0.0,0.2308,13,1.391
ATR1,SL_ATR_1_0,2.0,GBPCHF,excl_14worst,"[2, 3, 5, 7, 8, 9, 13, 18, 22, 23]",10,312,44.6,0.4103,0.5897,0.0,0.2308,13,1.391
ATR1,SL_ATR_1_0,2.0,GBPJPY,best_4h,"[6, 7, 14, 20]",4,115,16.4,0.4696,0.5304,0.0,0.4087,7,1.77
ATR1,SL_ATR_1_0,2.0,GBPJPY,best_5h,"[6, 7, 14, 17, 20]",5,132,18.9,0.4621,0.5379,0.0,0.3864,9,1.718
ATR1,SL_ATR_1_0,2.0,GBPJPY,best_6h,"[2, 6, 7, 14, 17, 20]",6,159,22.7,0.4528,0.5472,0.0,0.3585,11,1.655
ATR1,SL_ATR_1_0,2.0,GBPJPY,best_7h,"[2, 4, 6, 7, 14, 17, 20]",7,174,24.9,0.4483,0.5517,0.0,0.3448,8,1.625
ATR1,SL_ATR_1_0,2.0,GBPJPY,best_8h,"[1, 2, 4, 6, 7, 14, 17, 20]",8,207,29.6,0.4396,0.5604,0.0,0.3188,10,1.569
ATR1,SL_ATR_1_0,2.0,GBPJPY,excl_16worst,"[1, 2, 4, 6, 7, 14, 17, 20]",8,207,29.6,0.4396,0.5604,0.0,0.3188,10,1.569
ATR1,SL_ATR_1_0,2.0,GBPJPY,best_9h,"[1, 2, 4, 6, 7, 13, 14, 17, 20]",9,240,34.3,0.4333,0.5667,0.0,0.3,10,1.529
ATR1,SL_ATR_1_0,2.0,GBPJPY,excl_15worst,"[1, 2, 4, 6, 7, 13, 14, 17, 20]",9,240,34.3,0.4333,0.5667,0.0,0.3,10,1.529
ATR1,SL_ATR_1_0,2.0,GBPJPY,best_10h,"[1, 2, 4, 6, 7, 10, 13, 14, 17, 20]",10,268,38.3,0.4291,0.5709,0.0,0.2873,11,1.503
ATR1,SL_ATR_1_0,2.0,GBPJPY,excl_14worst,"[1, 2, 4, 6, 7, 10, 13, 14, 17, 20]",10,268,38.3,0.4291,0.5709,0.0,0.2873,11,1.503
ATR1,SL_ATR_1_0,2.0,GBPNZD,best_4h,"[5, 7, 20, 23]",4,119,17.0,0.4286,0.5714,0.0,0.2857,8,1.5
ATR1,SL_ATR_1_0,2.0,GBPNZD,best_5h,"[5, 7, 10, 20, 23]",5,153,21.9,0.4248,0.5752,0.0,0.2745,8,1.477
ATR1,SL_ATR_1_0,2.0,GBPNZD,best_6h,"[1, 5, 7, 10, 20, 23]",6,192,27.4,0.4219,0.5781,0.0,0.2656,8,1.459
ATR1,SL_ATR_1_0,2.0,GBPNZD,best_7h,"[1, 5, 7, 8, 10, 20, 23]",7,224,32.0,0.4196,0.5804,0.0,0.2589,9,1.446
ATR1,SL_ATR_1_0,2.0,GBPNZD,best_8h,"[1, 5, 7, 8, 9, 10, 20, 23]",8,256,36.6,0.418,0.582,0.0,0.2539,12,1.436
ATR1,SL_ATR_1_0,2.0,GBPNZD,excl_16worst,"[1, 5, 7, 8, 9, 10, 20, 23]",8,256,36.6,0.418,0.582,0.0,0.2539,12,1.436
ATR1,SL_ATR_1_0,2.0,GBPNZD,best_9h,"[1, 5, 7, 8, 9, 10, 17, 20, 23]",9,282,40.3,0.4149,0.5851,0.0,0.2447,13,1.418
ATR1,SL_ATR_1_0,2.0,GBPNZD,excl_15worst,"[1, 5, 7, 8, 9, 10, 17, 20, 23]",9,282,40.3,0.4149,0.5851,0.0,0.2447,13,1.418
ATR1,SL_ATR_1_0,2.0,GBPNZD,h07+4h,"[7, 8, 9, 10]",4,138,19.7,0.413,0.587,0.0,0.2391,11,1.407
ATR1,SL_ATR_1_0,2.0,GBPNZD,best_10h,"[1, 5, 7, 8, 9, 10, 15, 17, 20, 23]",10,317,45.3,0.4101,0.5899,0.0,0.2303,11,1.39
ATR1,SL_ATR_1_0,2.0,GBPUSD,best_4h,"[14, 15, 16, 22]",4,117,16.7,0.4701,0.5299,0.0,0.4103,7,1.774
ATR1,SL_ATR_1_0,2.0,GBPUSD,best_5h,"[14, 15, 16, 22, 23]",5,136,19.4,0.4632,0.5368,0.0,0.3897,7,1.726
ATR1,SL_ATR_1_0,2.0,GBPUSD,best_6h,"[0, 14, 15, 16, 22, 23]",6,160,22.9,0.4562,0.5437,0.0,0.3688,7,1.678
ATR1,SL_ATR_1_0,2.0,GBPUSD,best_7h,"[0, 12, 14, 15, 16, 22, 23]",7,192,27.4,0.4479,0.5521,0.0,0.3438,9,1.623
ATR1,SL_ATR_1_0,2.0,GBPUSD,best_8h,"[0, 4, 12, 14, 15, 16, 22, 23]",8,210,30.0,0.4429,0.5571,0.0,0.3286,11,1.59
ATR1,SL_ATR_1_0,2.0,GBPUSD,excl_16worst,"[0, 4, 12, 14, 15, 16, 22, 23]",8,210,30.0,0.4429,0.5571,0.0,0.3286,11,1.59
ATR1,SL_ATR_1_0,2.0,GBPUSD,h14+4h,"[14, 15, 16, 17]",4,114,16.3,0.4386,0.5614,0.0,0.3158,6,1.562
ATR1,SL_ATR_1_0,2.0,GBPUSD,h13+4h,"[13, 14, 15, 16]",4,128,18.3,0.4375,0.5625,0.0,0.3125,7,1.556
ATR1,SL_ATR_1_0,2.0,GBPUSD,best_9h,"[0, 4, 10, 12, 14, 15, 16, 22, 23]",9,241,34.5,0.4357,0.5643,0.0,0.3071,8,1.544
ATR1,SL_ATR_1_0,2.0,GBPUSD,excl_15worst,"[0, 4, 10, 12, 14, 15, 16, 22, 23]",9,241,34.5,0.4357,0.5643,0.0,0.3071,8,1.544
ATR1,SL_ATR_1_0,2.0,NZDCAD,best_4h,"[1, 3, 8, 20]",4,115,16.4,0.4174,0.5826,0.0,0.2522,8,1.433
ATR1,SL_ATR_1_0,2.0,NZDCAD,best_5h,"[1, 3, 7, 8, 20]",5,145,20.7,0.4069,0.5931,0.0,0.2207,9,1.372
ATR1,SL_ATR_1_0,2.0,NZDCAD,best_6h,"[1, 2, 3, 7, 8, 20]",6,181,25.9,0.3978,0.6022,0.0,0.1934,10,1.321
ATR1,SL_ATR_1_0,2.0,NZDCAD,h00+3h,"[0, 1, 2]",3,116,16.6,0.3966,0.6034,0.0,0.1897,10,1.314
ATR1,SL_ATR_1_0,2.0,NZDCAD,h00+4h,"[0, 1, 2, 3]",4,134,19.2,0.3955,0.6045,0.0,0.1866,12,1.309
ATR1,SL_ATR_1_0,2.0,NZDCAD,h01+4h,"[1, 2, 3, 4]",4,120,17.2,0.3917,0.6083,0.0,0.175,7,1.288
ATR1,SL_ATR_1_0,2.0,NZDCAD,best_7h,"[1, 2, 3, 7, 8, 20, 21]",7,220,31.5,0.3909,0.6091,0.0,0.1727,8,1.284
ATR1,SL_ATR_1_0,2.0,NZDCAD,best_8h,"[1, 2, 3, 7, 8, 16, 20, 21]",8,248,35.5,0.3871,0.6129,0.0,0.1613,9,1.263
ATR1,SL_ATR_1_0,2.0,NZDCAD,excl_16worst,"[1, 2, 3, 7, 8, 16, 20, 21]",8,248,35.5,0.3871,0.6129,0.0,0.1613,9,1.263
ATR1,SL_ATR_1_0,2.0,NZDCAD,best_9h,"[0, 1, 2, 3, 7, 8, 16, 20, 21]",9,280,40.0,0.3821,0.6179,0.0,0.1464,12,1.237
ATR1,SL_ATR_1_0,2.0,NZDCHF,best_6h,"[3, 5, 6, 10, 13, 16]",6,117,16.7,0.4359,0.5641,0.0,0.3077,5,1.545
ATR1,SL_ATR_1_0,2.0,NZDCHF,best_7h,"[3, 5, 6, 10, 13, 15, 16]",7,143,20.4,0.4266,0.5734,0.0,0.2797,6,1.488
ATR1,SL_ATR_1_0,2.0,NZDCHF,best_8h,"[3, 5, 6, 10, 12, 13, 15, 16]",8,164,23.4,0.4207,0.5793,0.0,0.2622,8,1.453
ATR1,SL_ATR_1_0,2.0,NZDCHF,excl_16worst,"[3, 5, 6, 10, 12, 13, 15, 16]",8,164,23.4,0.4207,0.5793,0.0,0.2622,8,1.453
ATR1,SL_ATR_1_0,2.0,NZDCHF,best_9h,"[3, 5, 6, 10, 12, 13, 14, 15, 16]",9,181,25.9,0.4144,0.5856,0.0,0.2431,8,1.415
ATR1,SL_ATR_1_0,2.0,NZDCHF,excl_15worst,"[3, 5, 6, 10, 12, 13, 14, 15, 16]",9,181,25.9,0.4144,0.5856,0.0,0.2431,8,1.415
ATR1,SL_ATR_1_0,2.0,NZDCHF,best_10h,"[3, 5, 6, 9, 10, 12, 13, 14, 15, 16]",10,201,28.7,0.408,0.592,0.0,0.2239,8,1.378
ATR1,SL_ATR_1_0,2.0,NZDCHF,excl_14worst,"[3, 5, 6, 9, 10, 12, 13, 14, 15, 16]",10,201,28.7,0.408,0.592,0.0,0.2239,8,1.378
ATR1,SL_ATR_1_0,2.0,NZDCHF,best_11h,"[3, 5, 6, 9, 10, 12, 13, 14, 15, 16, 23]",11,227,32.5,0.4009,0.5991,0.0,0.2026,6,1.338
ATR1,SL_ATR_1_0,2.0,NZDCHF,excl_13worst,"[3, 5, 6, 9, 10, 12, 13, 14, 15, 16, 23]",11,227,32.5,0.4009,0.5991,0.0,0.2026,6,1.338
ATR1,SL_ATR_1_0,2.0,NZDJPY,best_4h,"[2, 5, 21, 22]",4,122,17.4,0.459,0.541,0.0,0.377,8,1.697
ATR1,SL_ATR_1_0,2.0,NZDJPY,best_5h,"[2, 5, 7, 21, 22]",5,147,21.0,0.4558,0.5442,0.0,0.3673,8,1.675
ATR1,SL_ATR_1_0,2.0,NZDJPY,best_6h,"[2, 5, 7, 11, 21, 22]",6,172,24.6,0.4535,0.5465,0.0,0.3605,10,1.66
ATR1,SL_ATR_1_0,2.0,NZDJPY,best_7h,"[2, 5, 7, 11, 19, 21, 22]",7,193,27.6,0.4508,0.5492,0.0,0.3523,10,1.642
ATR1,SL_ATR_1_0,2.0,NZDJPY,best_8h,"[2, 5, 7, 11, 12, 19, 21, 22]",8,219,31.3,0.4475,0.5525,0.0,0.3425,10,1.62
ATR1,SL_ATR_1_0,2.0,NZDJPY,excl_16worst,"[2, 5, 7, 11, 12, 19, 21, 22]",8,219,31.3,0.4475,0.5525,0.0,0.3425,10,1.62
ATR1,SL_ATR_1_0,2.0,NZDJPY,best_9h,"[2, 5, 7, 11, 12, 14, 19, 21, 22]",9,248,35.5,0.4435,0.5565,0.0,0.3306,12,1.594
ATR1,SL_ATR_1_0,2.0,NZDJPY,excl_15worst,"[2, 5, 7, 11, 12, 14, 19, 21, 22]",9,248,35.5,0.4435,0.5565,0.0,0.3306,12,1.594
ATR1,SL_ATR_1_0,2.0,NZDJPY,best_10h,"[2, 5, 7, 11, 12, 13, 14, 19, 21, 22]",10,288,41.2,0.4375,0.5625,0.0,0.3125,13,1.556
ATR1,SL_ATR_1_0,2.0,NZDJPY,excl_14worst,"[2, 5, 7, 11, 12, 13, 14, 19, 21, 22]",10,288,41.2,0.4375,0.5625,0.0,0.3125,13,1.556
ATR1,SL_ATR_1_0,2.0,NZDSGD,best_13h,"[1, 2, 4, 8, 10, 13, 14, 15, 16, 17, 19, 20, 22]",13,108,15.4,0.4537,0.5463,0.0,0.3611,8,1.661
ATR1,SL_ATR_1_0,2.0,NZDSGD,excl_11worst,"[1, 2, 4, 8, 10, 13, 14, 15, 16, 17, 19, 20, 22]",13,108,15.4,0.4537,0.5463,0.0,0.3611,8,1.661
ATR1,SL_ATR_1_0,2.0,NZDSGD,best_14h,"[1, 2, 4, 5, 8, 10, 13, 14, 15, 16, 17, 19, 20, 22]",14,117,16.7,0.4444,0.5556,0.0,0.3333,10,1.6
ATR1,SL_ATR_1_0,2.0,NZDSGD,excl_10worst,"[1, 2, 4, 5, 8, 10, 13, 14, 15, 16, 17, 19, 20, 22]",14,117,16.7,0.4444,0.5556,0.0,0.3333,10,1.6
ATR1,SL_ATR_1_0,2.0,NZDSGD,best_15h,"[1, 2, 4, 5, 8, 10, 12, 13, 14, 15, 16, 17, 19, 20, 22]",15,123,17.6,0.439,0.561,0.0,0.3171,10,1.565
ATR1,SL_ATR_1_0,2.0,NZDSGD,excl_9worst,"[1, 2, 4, 5, 8, 10, 12, 13, 14, 15, 16, 17, 19, 20, 22]",15,123,17.6,0.439,0.561,0.0,0.3171,10,1.565
ATR1,SL_ATR_1_0,2.0,NZDSGD,best_16h,"[1, 2, 4, 5, 6, 8, 10, 12, 13, 14, 15, 16, 17, 19, 20, 22]",16,136,19.4,0.4265,0.5735,0.0,0.2794,12,1.487
ATR1,SL_ATR_1_0,2.0,NZDSGD,excl_8worst,"[1, 2, 4, 5, 6, 8, 10, 12, 13, 14, 15, 16, 17, 19, 20, 22]",16,136,19.4,0.4265,0.5735,0.0,0.2794,12,1.487
ATR1,SL_ATR_1_0,2.0,NZDSGD,best_17h,"[0, 1, 2, 4, 5, 6, 8, 10, 12, 13, 14, 15, 16, 17, 19, 20, 22]",17,146,20.9,0.4178,0.5822,0.0,0.2534,13,1.435
ATR1,SL_ATR_1_0,2.0,NZDSGD,excl_7worst,"[0, 1, 2, 4, 5, 6, 8, 10, 12, 13, 14, 15, 16, 17, 19, 20, 22]",17,146,20.9,0.4178,0.5822,0.0,0.2534,13,1.435
ATR1,SL_ATR_1_0,2.0,NZDUSD,best_5h,"[7, 9, 14, 16, 23]",5,109,15.6,0.4312,0.5688,0.0,0.2936,10,1.516
ATR1,SL_ATR_1_0,2.0,NZDUSD,best_6h,"[0, 7, 9, 14, 16, 23]",6,139,19.9,0.4245,0.5755,0.0,0.2734,9,1.475
ATR1,SL_ATR_1_0,2.0,NZDUSD,best_7h,"[0, 7, 9, 14, 16, 19, 23]",7,162,23.2,0.4198,0.5802,0.0,0.2593,11,1.447
ATR1,SL_ATR_1_0,2.0,NZDUSD,best_8h,"[0, 4, 7, 9, 14, 16, 19, 23]",8,175,25.0,0.4171,0.5829,0.0,0.2514,8,1.431
ATR1,SL_ATR_1_0,2.0,NZDUSD,excl_16worst,"[0, 4, 7, 9, 14, 16, 19, 23]",8,175,25.0,0.4171,0.5829,0.0,0.2514,8,1.431
ATR1,SL_ATR_1_0,2.0,NZDUSD,best_9h,"[0, 4, 7, 9, 14, 16, 19, 22, 23]",9,203,29.0,0.4089,0.5911,0.0,0.2266,9,1.383
ATR1,SL_ATR_1_0,2.0,NZDUSD,excl_15worst,"[0, 4, 7, 9, 14, 16, 19, 22, 23]",9,203,29.0,0.4089,0.5911,0.0,0.2266,9,1.383
ATR1,SL_ATR_1_0,2.0,NZDUSD,best_10h,"[0, 2, 4, 7, 9, 14, 16, 19, 22, 23]",10,239,34.2,0.3975,0.6025,0.0,0.1925,9,1.319
ATR1,SL_ATR_1_0,2.0,NZDUSD,excl_14worst,"[0, 2, 4, 7, 9, 14, 16, 19, 22, 23]",10,239,34.2,0.3975,0.6025,0.0,0.1925,9,1.319
ATR1,SL_ATR_1_0,2.0,NZDUSD,best_11h,"[0, 2, 4, 7, 9, 14, 16, 18, 19, 22, 23]",11,254,36.3,0.3937,0.6063,0.0,0.1811,10,1.299
ATR1,SL_ATR_1_0,2.0,USDCAD,best_5h,"[7, 8, 10, 11, 16]",5,106,15.2,0.3585,0.6415,0.0,0.0755,9,1.118
ATR1,SL_ATR_1_0,2.0,USDCAD,best_6h,"[2, 7, 8, 10, 11, 16]",6,128,18.3,0.3516,0.6484,0.0,0.0547,10,1.084
ATR1,SL_ATR_1_0,2.0,USDCAD,best_7h,"[2, 7, 8, 10, 11, 16, 18]",7,147,21.0,0.3469,0.6531,0.0,0.0408,8,1.062
ATR1,SL_ATR_1_0,2.0,USDCAD,best_8h,"[2, 5, 7, 8, 10, 11, 16, 18]",8,167,23.9,0.3413,0.6587,0.0,0.024,10,1.036
ATR1,SL_ATR_1_0,2.0,USDCAD,excl_16worst,"[2, 5, 7, 8, 10, 11, 16, 18]",8,167,23.9,0.3413,0.6587,0.0,0.024,10,1.036
ATR1,SL_ATR_1_0,2.0,USDCAD,h07+5h,"[7, 8, 9, 10, 11]",5,113,16.2,0.3363,0.6637,0.0,0.0088,8,1.013
ATR1,SL_ATR_1_0,2.0,USDCAD,best_9h,"[2, 5, 7, 8, 10, 11, 13, 16, 18]",9,197,28.2,0.335,0.665,0.0,0.0051,11,1.008
ATR1,SL_ATR_1_0,2.0,USDCAD,excl_15worst,"[2, 5, 7, 8, 10, 11, 13, 16, 18]",9,197,28.2,0.335,0.665,0.0,0.0051,11,1.008
ATR1,SL_ATR_1_0,2.0,USDCHF,best_5h,"[8, 9, 10, 21, 23]",5,114,16.3,0.4474,0.5526,0.0,0.3421,10,1.619
ATR1,SL_ATR_1_0,2.0,USDCHF,best_6h,"[8, 9, 10, 12, 21, 23]",6,135,19.3,0.4444,0.5556,0.0,0.3333,9,1.6
ATR1,SL_ATR_1_0,2.0,USDCHF,best_7h,"[0, 8, 9, 10, 12, 21, 23]",7,157,22.4,0.4395,0.5605,0.0,0.3185,9,1.568
ATR1,SL_ATR_1_0,2.0,USDCHF,best_8h,"[0, 4, 8, 9, 10, 12, 21, 23]",8,167,23.9,0.4371,0.5629,0.0,0.3114,9,1.553
ATR1,SL_ATR_1_0,2.0,USDCHF,excl_16worst,"[0, 4, 8, 9, 10, 12, 21, 23]",8,167,23.9,0.4371,0.5629,0.0,0.3114,9,1.553
ATR1,SL_ATR_1_0,2.0,USDCHF,best_9h,"[0, 4, 8, 9, 10, 12, 21, 22, 23]",9,193,27.6,0.4301,0.5699,0.0,0.2902,9,1.509
ATR1,SL_ATR_1_0,2.0,USDCHF,excl_15worst,"[0, 4, 8, 9, 10, 12, 21, 22, 23]",9,193,27.6,0.4301,0.5699,0.0,0.2902,9,1.509
ATR1,SL_ATR_1_0,2.0,USDCHF,best_10h,"[0, 4, 6, 8, 9, 10, 12, 21, 22, 23]",10,227,32.5,0.4185,0.5815,0.0,0.2555,9,1.439
ATR1,SL_ATR_1_0,2.0,USDCHF,excl_14worst,"[0, 4, 6, 8, 9, 10, 12, 21, 22, 23]",10,227,32.5,0.4185,0.5815,0.0,0.2555,9,1.439
ATR1,SL_ATR_1_0,2.0,USDCHF,h07+4h,"[7, 8, 9, 10]",4,114,16.3,0.4123,0.5877,0.0,0.2368,12,1.403
ATR1,SL_ATR_1_0,2.0,USDJPY,best_6h,"[0, 2, 3, 7, 8, 12]",6,127,18.2,0.5039,0.4961,0.0,0.5118,8,2.032
ATR1,SL_ATR_1_0,2.0,USDJPY,best_7h,"[0, 2, 3, 7, 8, 12, 14]",7,160,22.9,0.4875,0.5125,0.0,0.4625,10,1.902
ATR1,SL_ATR_1_0,2.0,USDJPY,best_8h,"[0, 2, 3, 7, 8, 10, 12, 14]",8,185,26.4,0.4703,0.5297,0.0,0.4108,11,1.776
ATR1,SL_ATR_1_0,2.0,USDJPY,excl_16worst,"[0, 2, 3, 7, 8, 10, 12, 14]",8,185,26.4,0.4703,0.5297,0.0,0.4108,11,1.776
ATR1,SL_ATR_1_0,2.0,USDJPY,best_9h,"[0, 2, 3, 7, 8, 10, 11, 12, 14]",9,205,29.3,0.4585,0.5415,0.0,0.3756,10,1.694
ATR1,SL_ATR_1_0,2.0,USDJPY,excl_15worst,"[0, 2, 3, 7, 8, 10, 11, 12, 14]",9,205,29.3,0.4585,0.5415,0.0,0.3756,10,1.694
ATR1,SL_ATR_1_0,2.0,USDJPY,best_10h,"[0, 2, 3, 6, 7, 8, 10, 11, 12, 14]",10,232,33.2,0.444,0.556,0.0,0.3319,11,1.597
ATR1,SL_ATR_1_0,2.0,USDJPY,excl_14worst,"[0, 2, 3, 6, 7, 8, 10, 11, 12, 14]",10,232,33.2,0.444,0.556,0.0,0.3319,11,1.597
ATR1,SL_ATR_1_0,2.0,USDJPY,best_11h,"[0, 1, 2, 3, 6, 7, 8, 10, 11, 12, 14]",11,266,38.0,0.4286,0.5714,0.0,0.2857,13,1.5
ATR1,SL_ATR_1_0,2.0,USDJPY,excl_13worst,"[0, 1, 2, 3, 6, 7, 8, 10, 11, 12, 14]",11,266,38.0,0.4286,0.5714,0.0,0.2857,13,1.5
