depth,gates,delta_win,retain_pct,n_trades,trades_per_year,win_pct,sl_pct,timeout_pct,expectancy_r,max_losing_streak,profit_factor
3,bars_between_retest_and_break<=2.000(p75) & distance_to_next_htf_obstacle_atr>=0.235(p25) & break_close_location>=0.496(p10),0.0357,50.5,944,134.9,0.4428,0.5561,0.0011,0.3293,11,1.592
3,bars_between_retest_and_break<=2.000(p75) & distance_to_next_htf_obstacle_atr>=0.235(p25) & signal_candle_opposite_extreme_atr>=0.359(p10),0.0347,52.5,980,140.1,0.4418,0.5571,0.001,0.3264,9,1.586
3,bars_between_retest_and_break<=2.000(p75) & recent_trend_payoff_atr_48h<=2.606(p75) & signal_candle_opposite_extreme_atr>=0.359(p10),0.0337,53.0,989,141.4,0.4408,0.5581,0.001,0.3234,10,1.579
3,bars_between_retest_and_break<=2.000(p75) & break_close_location>=0.496(p10) & recent_trend_payoff_atr_48h<=2.606(p75),0.0331,51.5,961,137.4,0.4402,0.5588,0.001,0.3214,10,1.575
3,bars_between_retest_and_break<=2.000(p75) & aoi_far_edge_atr>=1.414(p25) & signal_candle_opposite_extreme_atr>=0.359(p10),0.0306,52.0,971,138.8,0.4377,0.5623,0.0,0.3131,10,1.557
3,max_retest_penetration_atr<=1.141(p75) & distance_to_next_htf_obstacle_atr>=0.235(p25) & signal_candle_opposite_extreme_atr>=0.359(p10),0.0305,50.2,937,133.9,0.4376,0.5614,0.0011,0.3136,8,1.559
3,bars_between_retest_and_break<=2.000(p75) & break_close_location>=0.496(p10) & aoi_far_edge_atr>=1.414(p25),0.0291,50.8,949,135.7,0.4362,0.5638,0.0,0.3087,10,1.548
3,bars_between_retest_and_break<=2.000(p75) & break_close_location>=0.496(p10) & signal_candle_opposite_extreme_atr>=0.359(p10),0.0284,64.3,1201,171.7,0.4355,0.5637,0.0008,0.3071,10,1.545
2,bars_between_retest_and_break<=2.000(p75) & distance_to_next_htf_obstacle_atr>=0.235(p25),0.028,57.4,1071,153.1,0.4351,0.564,0.0009,0.3061,11,1.543
3,bars_between_retest_and_break<=2.000(p75) & break_close_location>=0.636(p25) & signal_candle_opposite_extreme_atr>=0.359(p10),0.0273,54.7,1022,146.1,0.4344,0.5646,0.001,0.3042,9,1.539
3,max_retest_penetration_atr<=1.141(p75) & break_close_location>=0.636(p25) & signal_candle_opposite_extreme_atr>=0.359(p10),0.0265,53.2,994,142.1,0.4336,0.5654,0.001,0.3017,11,1.533
3,bars_between_retest_and_break<=1.000(p50) & break_close_location>=0.496(p10) & signal_candle_opposite_extreme_atr>=0.359(p10),0.0265,56.1,1047,149.7,0.4336,0.5654,0.001,0.3017,14,1.533
3,max_retest_penetration_atr<=1.141(p75) & bars_between_retest_and_break<=2.000(p75) & distance_to_next_htf_obstacle_atr>=0.235(p25),0.0265,50.0,934,133.5,0.4336,0.5653,0.0011,0.3018,10,1.534
2,bars_between_retest_and_break<=2.000(p75) & recent_trend_payoff_atr_48h<=2.606(p75),0.0255,57.2,1068,152.7,0.4326,0.5665,0.0009,0.2986,10,1.527
2,bars_between_retest_and_break<=2.000(p75) & aoi_far_edge_atr>=1.414(p25),0.0251,55.3,1032,147.5,0.4322,0.5678,0.0,0.2965,10,1.522
2,bars_between_retest_and_break<=2.000(p75) & break_close_location>=0.636(p25),0.0238,55.8,1042,149.0,0.4309,0.5681,0.001,0.2935,9,1.517
3,bars_between_retest_and_break<=2.000(p75) & break_close_location>=0.496(p10) & break_close_location>=0.636(p25),0.0238,55.8,1042,149.0,0.4309,0.5681,0.001,0.2935,9,1.517
3,bars_between_retest_and_break<=1.000(p50) & bars_between_retest_and_break<=2.000(p75) & recent_trend_payoff_atr_48h<=2.606(p75),0.0237,50.7,947,135.4,0.4308,0.5681,0.0011,0.2934,13,1.516
2,bars_between_retest_and_break<=1.000(p50) & recent_trend_payoff_atr_48h<=2.606(p75),0.0237,50.7,947,135.4,0.4308,0.5681,0.0011,0.2934,13,1.516
3,recent_trend_payoff_atr_48h<=2.606(p75) & aoi_far_edge_atr>=1.414(p25) & signal_candle_opposite_extreme_atr>=0.359(p10),0.0237,53.8,1005,143.7,0.4308,0.5692,0.0,0.2925,11,1.514
3,max_retest_penetration_atr<=1.141(p75) & recent_trend_payoff_atr_48h<=2.606(p75) & signal_candle_opposite_extreme_atr>=0.359(p10),0.0236,51.0,952,136.1,0.4307,0.5683,0.0011,0.2929,10,1.515
2,distance_to_next_htf_obstacle_atr>=0.235(p25) & signal_candle_range_atr<=1.398(p75),0.023,50.2,937,133.9,0.4301,0.5688,0.0011,0.2912,10,1.512
3,distance_to_next_htf_obstacle_atr>=0.235(p25) & break_impulse_range_atr<=1.398(p75) & signal_candle_range_atr<=1.398(p75),0.023,50.2,937,133.9,0.4301,0.5688,0.0011,0.2912,10,1.512
2,distance_to_next_htf_obstacle_atr>=0.235(p25) & break_impulse_range_atr<=1.398(p75),0.023,50.2,937,133.9,0.4301,0.5688,0.0011,0.2912,10,1.512
2,max_retest_penetration_atr<=1.141(p75) & break_close_location>=0.636(p25),0.0229,54.3,1014,145.0,0.43,0.569,0.001,0.2908,11,1.511
3,max_retest_penetration_atr<=1.141(p75) & break_close_location>=0.496(p10) & break_close_location>=0.636(p25),0.0229,54.3,1014,145.0,0.43,0.569,0.001,0.2908,11,1.511
2,max_retest_penetration_atr<=1.141(p75) & distance_to_next_htf_obstacle_atr>=0.235(p25),0.0229,55.1,1028,147.0,0.43,0.5691,0.001,0.2907,9,1.511
3,bars_between_retest_and_break<=2.000(p75) & break_impulse_range_atr<=1.398(p75) & signal_candle_range_atr<=1.398(p75),0.0226,52.2,975,139.4,0.4297,0.5692,0.001,0.2901,10,1.51
2,bars_between_retest_and_break<=2.000(p75) & break_impulse_range_atr<=1.398(p75),0.0226,52.2,975,139.4,0.4297,0.5692,0.001,0.2901,10,1.51
2,bars_between_retest_and_break<=2.000(p75) & signal_candle_range_atr<=1.398(p75),0.0226,52.2,975,139.4,0.4297,0.5692,0.001,0.2901,10,1.51
3,max_retest_penetration_atr<=1.141(p75) & bars_between_retest_and_break<=1.000(p50) & signal_candle_opposite_extreme_atr>=0.359(p10),0.0226,54.1,1010,144.4,0.4297,0.5693,0.001,0.29,10,1.509
2,bars_between_retest_and_break<=2.000(p75) & break_close_location>=0.496(p10),0.022,66.9,1249,178.6,0.4291,0.5701,0.0008,0.2881,10,1.505
3,max_retest_penetration_atr<=1.141(p75) & break_close_location>=0.496(p10) & signal_candle_opposite_extreme_atr>=0.359(p10),0.022,63.4,1184,169.3,0.4291,0.5701,0.0008,0.2879,10,1.505
3,break_close_location>=0.636(p25) & recent_trend_payoff_atr_48h<=2.606(p75) & signal_candle_opposite_extreme_atr>=0.359(p10),0.0219,57.7,1077,154.0,0.429,0.5701,0.0009,0.2877,12,1.505
2,trend_age_impulses>=5.000(p50) & aoi_far_edge_atr>=1.414(p25),0.0219,50.5,944,134.9,0.429,0.571,0.0,0.2871,10,1.503
2,bars_between_retest_and_break<=2.000(p75) & signal_candle_opposite_extreme_atr>=0.359(p10),0.0218,68.9,1287,184.0,0.4289,0.5703,0.0008,0.2874,10,1.504
2,bars_between_retest_and_break<=1.000(p50) & signal_candle_opposite_extreme_atr>=0.359(p10),0.0217,60.2,1124,160.7,0.4288,0.5703,0.0009,0.2872,14,1.504
3,bars_between_retest_and_break<=1.000(p50) & bars_between_retest_and_break<=2.000(p75) & signal_candle_opposite_extreme_atr>=0.359(p10),0.0217,60.2,1124,160.7,0.4288,0.5703,0.0009,0.2872,14,1.504
2,htf_range_size_high_atr>=24.415(p10) & aoi_near_edge_atr>=0.271(p50),0.0216,50.4,940,134.4,0.4287,0.5713,0.0,0.2862,11,1.501
2,break_close_location>=0.636(p25) & htf_range_size_high_atr<=48.734(p75),0.0216,56.0,1045,149.4,0.4287,0.5703,0.001,0.2869,16,1.503
2,bars_between_retest_and_break<=2.000(p75) & htf_range_size_high_atr>=24.415(p10),0.0216,67.6,1262,180.4,0.4287,0.5713,0.0,0.2861,11,1.501
2,bars_between_retest_and_break<=1.000(p50) & htf_range_size_high_atr>=24.415(p10),0.0215,59.2,1106,158.1,0.4286,0.5714,0.0,0.2857,14,1.5
2,bars_between_retest_and_break<=2.000(p75) & aoi_far_edge_atr>=1.211(p10),0.0215,66.7,1246,178.1,0.4286,0.5714,0.0,0.2857,9,1.5
2,bars_between_retest_and_break<=2.000(p75) & break_impulse_body_atr>=0.328(p25),0.0213,58.0,1083,154.8,0.4284,0.5716,0.0,0.2853,10,1.499
2,bars_between_retest_and_break<=2.000(p75) & signal_candle_body_atr>=0.328(p25),0.0213,58.0,1083,154.8,0.4284,0.5716,0.0,0.2853,10,1.499
3,max_retest_penetration_atr<=1.141(p75) & break_close_location>=0.496(p10) & aoi_far_edge_atr>=1.414(p25),0.021,51.0,953,136.2,0.4281,0.5719,0.0,0.2844,10,1.497
2,bars_between_retest_and_break<=2.000(p75) & recent_trend_payoff_atr_24h<=3.209(p90),0.0209,68.1,1271,181.7,0.428,0.5712,0.0008,0.2847,10,1.498
2,bars_between_retest_and_break<=1.000(p50) & aoi_far_edge_atr>=1.211(p10),0.0208,58.3,1089,155.7,0.4279,0.5721,0.0,0.2837,11,1.496
2,break_close_location>=0.636(p25) & signal_candle_body_atr>=0.551(p50),0.0207,50.5,942,134.7,0.4278,0.5722,0.0,0.2834,9,1.495
2,break_close_location>=0.636(p25) & break_impulse_body_atr>=0.551(p50),0.0207,50.5,942,134.7,0.4278,0.5722,0.0,0.2834,9,1.495
2,bars_between_retest_and_break<=2.000(p75) & signal_candle_opposite_extreme_atr>=0.514(p25),0.0205,60.2,1125,160.8,0.4276,0.5724,0.0,0.2827,9,1.494
2,bars_between_retest_and_break<=1.000(p50) & signal_candle_opposite_extreme_atr>=0.514(p25),0.0205,52.5,980,140.1,0.4276,0.5724,0.0,0.2827,14,1.494
3,max_retest_penetration_atr<=1.141(p75) & bars_between_retest_and_break<=2.000(p75) & break_close_location>=0.496(p10),0.0204,58.4,1090,155.8,0.4275,0.5716,0.0009,0.2834,11,1.496
3,distance_to_next_htf_obstacle_atr>=0.235(p25) & aoi_far_edge_atr>=1.414(p25) & signal_candle_opposite_extreme_atr>=0.359(p10),0.0204,50.6,945,135.1,0.4275,0.5725,0.0,0.2825,9,1.494
2,bars_between_retest_and_break<=5.000(p90) & aoi_far_edge_atr>=1.414(p25),0.0204,67.3,1256,179.6,0.4275,0.5725,0.0,0.2826,13,1.494
2,break_impulse_body_atr>=0.328(p25) & aoi_far_edge_atr>=1.414(p25),0.0204,64.6,1207,172.5,0.4275,0.5725,0.0,0.2825,11,1.493
2,bars_between_retest_and_break<=5.000(p90) & aoi_near_edge_atr>=0.271(p50),0.0204,50.2,938,134.1,0.4275,0.5725,0.0,0.2825,17,1.493
2,aoi_far_edge_atr>=1.414(p25) & signal_candle_body_atr>=0.328(p25),0.0204,64.6,1207,172.5,0.4275,0.5725,0.0,0.2825,11,1.493
3,break_close_location>=0.496(p10) & trend_age_impulses>=5.000(p50) & signal_candle_opposite_extreme_atr>=0.359(p10),0.0202,55.3,1032,147.5,0.4273,0.5727,0.0,0.282,7,1.492
3,max_retest_penetration_atr<=1.141(p75) & bars_between_retest_and_break<=2.000(p75) & signal_candle_opposite_extreme_atr>=0.359(p10),0.0201,59.9,1119,160.0,0.4272,0.5719,0.0009,0.2823,12,1.493
3,break_close_location>=0.636(p25) & aoi_far_edge_atr>=1.414(p25) & signal_candle_opposite_extreme_atr>=0.359(p10),0.0198,59.3,1108,158.4,0.4269,0.5731,0.0,0.2807,11,1.49
2,bars_between_retest_and_break<=1.000(p50) & break_impulse_body_atr>=0.328(p25),0.0198,50.5,944,134.9,0.4269,0.5731,0.0,0.2807,12,1.49
2,bars_between_retest_and_break<=1.000(p50) & signal_candle_body_atr>=0.328(p25),0.0198,50.5,944,134.9,0.4269,0.5731,0.0,0.2807,12,1.49
3,max_retest_penetration_atr<=1.141(p75) & bars_between_retest_and_break<=1.000(p50) & break_close_location>=0.496(p10),0.0196,52.6,982,140.4,0.4267,0.5723,0.001,0.2809,10,1.491
3,max_retest_penetration_atr<=1.141(p75) & aoi_far_edge_atr>=1.414(p25) & signal_candle_opposite_extreme_atr>=0.359(p10),0.0196,52.2,975,139.4,0.4267,0.5733,0.0,0.28,10,1.488
3,break_close_location>=0.496(p10) & recent_trend_payoff_atr_48h<=2.606(p75) & aoi_far_edge_atr>=1.414(p25),0.0193,52.8,985,140.8,0.4264,0.5736,0.0,0.2792,11,1.487
3,break_close_location>=0.496(p10) & aoi_far_edge_atr>=1.414(p25) & signal_candle_opposite_extreme_atr>=0.359(p10),0.0192,68.7,1283,183.4,0.4263,0.5737,0.0,0.279,9,1.486
3,bars_between_retest_and_break<=1.000(p50) & bars_between_retest_and_break<=2.000(p75) & break_close_location>=0.496(p10),0.019,58.3,1089,155.7,0.4261,0.573,0.0009,0.279,15,1.487
2,bars_between_retest_and_break<=1.000(p50) & break_close_location>=0.496(p10),0.019,58.3,1089,155.7,0.4261,0.573,0.0009,0.279,15,1.487
2,break_close_location>=0.636(p25) & trend_age_impulses>=4.000(p25),0.0188,64.0,1195,170.8,0.4259,0.5732,0.0008,0.2785,12,1.486
2,bars_between_retest_and_break<=1.000(p50) & recent_trend_payoff_atr_24h<=3.209(p90),0.0188,60.0,1120,160.1,0.4259,0.5732,0.0009,0.2784,15,1.486
2,trend_age_impulses>=4.000(p25) & aoi_far_edge_atr>=1.414(p25),0.0187,65.3,1219,174.3,0.4258,0.5742,0.0,0.2773,11,1.483
2,htf_range_size_high_atr<=48.734(p75) & aoi_far_edge_atr>=1.414(p25),0.0185,53.6,1001,143.1,0.4256,0.5744,0.0,0.2767,10,1.482
3,break_close_location>=0.496(p10) & break_close_location>=0.636(p25) & recent_trend_payoff_atr_48h<=2.606(p75),0.0182,58.4,1091,156.0,0.4253,0.5738,0.0009,0.2767,12,1.482
2,trend_age_impulses>=5.000(p50) & signal_candle_opposite_extreme_atr>=0.514(p25),0.0182,50.9,950,135.8,0.4253,0.5747,0.0,0.2758,9,1.48
2,bars_between_retest_and_break<=5.000(p90) & break_close_location>=0.636(p25),0.0182,67.4,1258,179.8,0.4253,0.5739,0.0008,0.2765,10,1.482
2,distance_to_next_htf_obstacle_atr>=0.235(p25) & trend_age_impulses>=4.000(p25),0.0182,60.6,1131,161.7,0.4253,0.5738,0.0009,0.2766,13,1.482
2,break_close_location>=0.636(p25) & recent_trend_payoff_atr_48h<=2.606(p75),0.0182,58.4,1091,156.0,0.4253,0.5738,0.0009,0.2767,12,1.482
3,distance_to_next_htf_obstacle_atr>=0.235(p25) & break_close_location>=0.496(p10) & signal_candle_opposite_extreme_atr>=0.359(p10),0.0177,62.3,1163,166.3,0.4248,0.5744,0.0009,0.275,11,1.479
2,bars_between_retest_and_break<=5.000(p90) & distance_to_next_htf_obstacle_atr>=0.235(p25),0.0177,67.0,1250,178.7,0.4248,0.5744,0.0008,0.2751,10,1.479
2,recent_trend_payoff_atr_48h<=2.606(p75) & trend_age_impulses>=4.000(p25),0.0176,61.9,1156,165.3,0.4247,0.5744,0.0009,0.275,14,1.479
2,recent_trend_payoff_atr_24h<=3.209(p90) & aoi_far_edge_atr>=1.414(p25),0.0174,69.2,1291,184.6,0.4245,0.5755,0.0,0.2734,9,1.475
2,bars_between_retest_and_break<=2.000(p75) & trend_age_impulses>=4.000(p25),0.0174,63.8,1192,170.4,0.4245,0.5747,0.0008,0.2742,9,1.477
2,recent_trend_payoff_atr_48h<=2.606(p75) & aoi_far_edge_atr>=1.414(p25),0.0173,56.7,1058,151.2,0.4244,0.5756,0.0,0.2732,11,1.475
3,break_close_location>=0.496(p10) & recent_trend_payoff_atr_48h<=2.606(p75) & signal_candle_opposite_extreme_atr>=0.359(p10),0.0173,66.6,1244,177.8,0.4244,0.5748,0.0008,0.274,11,1.477
2,trend_age_impulses>=5.000(p50) & htf_range_size_high_atr>=24.415(p10),0.0173,59.2,1105,158.0,0.4244,0.5756,0.0,0.2733,11,1.475
2,aoi_far_edge_atr>=1.414(p25) & signal_candle_opposite_extreme_atr>=0.359(p10),0.017,72.0,1344,192.1,0.4241,0.5759,0.0,0.2723,9,1.473
2,recent_trend_payoff_atr_48h<=2.606(p75) & signal_candle_opposite_extreme_atr>=0.514(p25),0.017,63.1,1179,168.5,0.4241,0.5759,0.0,0.2723,10,1.473
2,break_close_location>=0.496(p10) & aoi_near_edge_atr>=0.271(p50),0.0169,54.0,1007,144.0,0.424,0.576,0.0,0.2721,12,1.472
3,distance_to_next_htf_obstacle_atr>=0.235(p25) & recent_trend_payoff_atr_48h<=2.606(p75) & signal_candle_opposite_extreme_atr>=0.359(p10),0.0169,53.2,993,142.0,0.424,0.575,0.001,0.2728,11,1.474
3,distance_to_next_htf_obstacle_atr>=0.235(p25) & break_close_location>=0.496(p10) & recent_trend_payoff_atr_48h<=2.606(p75),0.0168,51.0,953,136.2,0.4239,0.575,0.001,0.2727,11,1.474
2,break_impulse_body_atr>=0.328(p25) & trend_age_impulses>=4.000(p25),0.0168,66.5,1241,177.4,0.4239,0.5761,0.0,0.2716,12,1.471
2,htf_range_size_high_atr>=24.415(p10) & aoi_far_edge_atr>=1.414(p25),0.0168,70.4,1314,187.8,0.4239,0.5761,0.0,0.2717,9,1.472
2,trend_age_impulses>=4.000(p25) & signal_candle_body_atr>=0.328(p25),0.0168,66.5,1241,177.4,0.4239,0.5761,0.0,0.2716,12,1.471
2,aoi_far_edge_atr>=1.414(p25) & aoi_near_edge_atr>=0.271(p50),0.0167,51.7,965,138.0,0.4238,0.5762,0.0,0.2715,10,1.471
2,distance_to_next_htf_obstacle_atr>=0.235(p25) & aoi_far_edge_atr>=1.414(p25),0.0166,53.7,1003,143.4,0.4237,0.5763,0.0,0.2712,10,1.471
2,break_close_location>=0.636(p25) & break_close_location>=0.764(p50),0.0165,50.5,942,134.7,0.4236,0.5754,0.0011,0.2716,12,1.472
1,break_close_location>=0.764(p50),0.0165,50.5,942,134.7,0.4236,0.5754,0.0011,0.2716,12,1.472
2,break_close_location>=0.496(p10) & break_close_location>=0.764(p50),0.0165,50.5,942,134.7,0.4236,0.5754,0.0011,0.2716,12,1.472
3,break_close_location>=0.496(p10) & break_close_location>=0.636(p25) & aoi_far_edge_atr>=1.414(p25),0.0164,60.2,1124,160.7,0.4235,0.5765,0.0,0.2705,11,1.469
2,break_impulse_range_atr<=1.398(p75) & signal_candle_opposite_extreme_atr>=0.359(p10),0.0164,60.6,1131,161.7,0.4235,0.5756,0.0009,0.2713,10,1.471
2,signal_candle_opposite_extreme_atr>=0.359(p10) & signal_candle_range_atr<=1.398(p75),0.0164,60.6,1131,161.7,0.4235,0.5756,0.0009,0.2713,10,1.471
2,break_close_location>=0.636(p25) & aoi_far_edge_atr>=1.414(p25),0.0164,60.2,1124,160.7,0.4235,0.5765,0.0,0.2705,11,1.469
3,break_impulse_range_atr<=1.398(p75) & signal_candle_opposite_extreme_atr>=0.359(p10) & signal_candle_range_atr<=1.398(p75),0.0164,60.6,1131,161.7,0.4235,0.5756,0.0009,0.2713,10,1.471
2,break_impulse_body_atr>=0.328(p25) & htf_range_size_high_atr<=48.734(p75),0.0161,58.6,1094,156.4,0.4232,0.5768,0.0,0.2697,12,1.468
2,htf_range_size_high_atr<=48.734(p75) & signal_candle_body_atr>=0.328(p25),0.0161,58.6,1094,156.4,0.4232,0.5768,0.0,0.2697,12,1.468
2,aoi_far_edge_atr>=1.211(p10) & signal_candle_body_atr>=0.551(p50),0.016,52.9,988,141.2,0.4231,0.5769,0.0,0.2692,10,1.467
2,break_impulse_body_atr>=0.551(p50) & aoi_far_edge_atr>=1.211(p10),0.016,52.9,988,141.2,0.4231,0.5769,0.0,0.2692,10,1.467
2,break_close_location>=0.636(p25) & htf_range_size_high_atr>=24.415(p10),0.0159,68.9,1286,183.8,0.423,0.577,0.0,0.2691,14,1.466
2,max_retest_penetration_atr<=1.141(p75) & signal_candle_range_atr<=1.398(p75),0.0157,54.5,1017,145.4,0.4228,0.5762,0.001,0.2693,8,1.467
2,max_retest_penetration_atr<=1.141(p75) & break_impulse_range_atr<=1.398(p75),0.0157,54.5,1017,145.4,0.4228,0.5762,0.001,0.2693,8,1.467
3,max_retest_penetration_atr<=1.141(p75) & break_impulse_range_atr<=1.398(p75) & signal_candle_range_atr<=1.398(p75),0.0157,54.5,1017,145.4,0.4228,0.5762,0.001,0.2693,8,1.467
2,max_retest_penetration_atr<=1.141(p75) & break_close_location>=0.496(p10),0.0154,66.1,1233,176.3,0.4225,0.5766,0.0008,0.2683,11,1.465
2,bars_between_retest_and_break<=5.000(p90) & trend_age_impulses>=5.000(p50),0.0154,57.7,1077,154.0,0.4225,0.5775,0.0,0.2674,18,1.463
3,break_close_location>=0.496(p10) & signal_candle_opposite_extreme_atr>=0.359(p10) & signal_candle_range_atr<=1.398(p75),0.0152,57.2,1068,152.7,0.4223,0.5768,0.0009,0.2677,12,1.464
2,htf_range_size_mid_atr>=20.779(p50) & htf_range_size_high_atr>=24.415(p10),0.0152,52.8,985,140.8,0.4223,0.5777,0.0,0.267,11,1.462
2,aoi_near_edge_atr>=0.271(p50) & signal_candle_opposite_extreme_atr>=0.514(p25),0.0152,52.4,978,139.8,0.4223,0.5777,0.0,0.2669,10,1.462
2,trend_age_impulses>=4.000(p25) & signal_candle_opposite_extreme_atr>=0.514(p25),0.0152,68.2,1274,182.1,0.4223,0.5777,0.0,0.2669,11,1.462
3,break_close_location>=0.496(p10) & break_impulse_range_atr<=1.398(p75) & signal_candle_opposite_extreme_atr>=0.359(p10),0.0152,57.2,1068,152.7,0.4223,0.5768,0.0009,0.2677,12,1.464
2,htf_range_size_high_atr<=48.734(p75) & signal_candle_opposite_extreme_atr>=0.514(p25),0.0151,59.9,1118,159.8,0.4222,0.5778,0.0,0.2665,17,1.461
2,aoi_far_edge_atr>=1.211(p10) & aoi_near_edge_atr>=0.271(p50),0.0151,54.4,1016,145.2,0.4222,0.5778,0.0,0.2667,11,1.462
2,trend_age_impulses>=5.000(p50) & signal_candle_opposite_extreme_atr>=0.359(p10),0.015,59.1,1104,157.8,0.4221,0.5779,0.0,0.2663,9,1.461
1,bars_between_retest_and_break<=2.000(p75),0.0148,74.8,1396,199.6,0.4219,0.5774,0.0007,0.2664,11,1.461
2,bars_between_retest_and_break<=2.000(p75) & bars_between_retest_and_break<=5.000(p90),0.0148,74.8,1396,199.6,0.4219,0.5774,0.0007,0.2664,11,1.461
2,trend_age_impulses>=4.000(p25) & aoi_far_edge_atr>=1.211(p10),0.0148,76.8,1434,205.0,0.4219,0.5781,0.0,0.2657,10,1.46
2,recent_trend_payoff_atr_24h<=3.209(p90) & aoi_near_edge_atr>=0.271(p50),0.0148,50.4,941,134.5,0.4219,0.5781,0.0,0.2657,11,1.46
2,max_retest_penetration_atr<=1.141(p75) & recent_trend_payoff_atr_48h<=2.606(p75),0.0148,55.2,1031,147.4,0.4219,0.5771,0.001,0.2666,10,1.462
2,distance_to_next_htf_obstacle_atr>=0.235(p25) & aoi_far_edge_atr>=1.211(p10),0.0147,64.7,1209,172.8,0.4218,0.5782,0.0,0.2655,11,1.459
2,trend_age_impulses>=5.000(p50) & aoi_far_edge_atr>=1.211(p10),0.0147,58.5,1093,156.2,0.4218,0.5782,0.0,0.2653,11,1.459
2,htf_range_size_high_atr>=24.415(p10) & htf_range_size_high_atr<=48.734(p75),0.0146,63.6,1188,169.8,0.4217,0.5783,0.0,0.2652,11,1.459
2,htf_range_size_high_atr>=24.415(p10) & signal_candle_body_atr>=0.551(p50),0.0146,51.3,958,137.0,0.4217,0.5783,0.0,0.2651,11,1.458
2,break_impulse_body_atr>=0.551(p50) & htf_range_size_high_atr>=24.415(p10),0.0146,51.3,958,137.0,0.4217,0.5783,0.0,0.2651,11,1.458
2,max_retest_penetration_atr<=1.141(p75) & break_impulse_body_atr>=0.328(p25),0.0146,56.8,1060,151.5,0.4217,0.5783,0.0,0.2651,13,1.458
2,break_close_location>=0.496(p10) & aoi_far_edge_atr>=1.414(p25),0.0146,70.5,1316,188.1,0.4217,0.5783,0.0,0.2652,9,1.459
2,max_retest_penetration_atr<=1.141(p75) & signal_candle_body_atr>=0.328(p25),0.0146,56.8,1060,151.5,0.4217,0.5783,0.0,0.2651,13,1.458
2,break_close_location>=0.496(p10) & signal_candle_body_atr>=0.551(p50),0.0145,55.0,1027,146.8,0.4216,0.5784,0.0,0.2648,9,1.458
2,distance_to_next_htf_obstacle_atr>=0.235(p25) & signal_candle_opposite_extreme_atr>=0.359(p10),0.0145,67.0,1250,178.7,0.4216,0.5776,0.0008,0.2655,11,1.46
2,break_close_location>=0.496(p10) & break_impulse_body_atr>=0.551(p50),0.0145,55.0,1027,146.8,0.4216,0.5784,0.0,0.2648,9,1.458
2,max_retest_penetration_atr<=1.141(p75) & signal_candle_opposite_extreme_atr>=0.359(p10),0.0144,67.9,1267,181.1,0.4215,0.5777,0.0008,0.2651,10,1.459
2,recent_trend_payoff_atr_24h<=3.209(p90) & trend_age_impulses>=5.000(p50),0.0143,57.6,1075,153.7,0.4214,0.5786,0.0,0.2642,11,1.457
2,bars_between_retest_and_break<=1.000(p50) & trend_age_impulses>=4.000(p25),0.014,56.0,1045,149.4,0.4211,0.578,0.001,0.264,13,1.457
2,bars_between_retest_and_break<=5.000(p90) & trend_age_impulses>=4.000(p25),0.014,75.7,1413,202.0,0.4211,0.5782,0.0007,0.2639,11,1.456
2,bars_between_retest_and_break<=5.000(p90) & break_impulse_body_atr>=0.328(p25),0.014,70.6,1318,188.4,0.4211,0.5789,0.0,0.2633,12,1.455
2,trend_age_impulses>=4.000(p25) & signal_candle_opposite_extreme_atr>=0.359(p10),0.014,78.3,1463,209.1,0.4211,0.5783,0.0007,0.2637,10,1.456
2,break_close_location>=0.636(p25) & recent_trend_payoff_atr_24h<=3.209(p90),0.014,69.6,1299,185.7,0.4211,0.5781,0.0008,0.2639,10,1.456
2,bars_between_retest_and_break<=5.000(p90) & signal_candle_body_atr>=0.328(p25),0.014,70.6,1318,188.4,0.4211,0.5789,0.0,0.2633,12,1.455
2,break_close_location>=0.496(p10) & trend_age_impulses>=4.000(p25),0.0139,75.9,1418,202.7,0.421,0.5783,0.0007,0.2637,9,1.456
2,aoi_near_edge_atr>=0.271(p50) & signal_candle_opposite_extreme_atr>=0.359(p10),0.0139,55.2,1031,147.4,0.421,0.579,0.0,0.2629,12,1.454
2,break_close_location>=0.636(p25) & signal_candle_opposite_extreme_atr>=0.359(p10),0.0139,74.6,1392,199.0,0.421,0.5783,0.0007,0.2636,10,1.456
2,max_retest_penetration_atr<=1.141(p75) & signal_candle_opposite_extreme_atr>=0.514(p25),0.0139,58.6,1095,156.5,0.421,0.579,0.0,0.263,12,1.454
3,break_close_location>=0.496(p10) & break_close_location>=0.636(p25) & signal_candle_opposite_extreme_atr>=0.359(p10),0.0139,74.6,1392,199.0,0.421,0.5783,0.0007,0.2636,10,1.456
2,bars_between_retest_and_break<=5.000(p90) & signal_candle_opposite_extreme_atr>=0.514(p25),0.0138,72.4,1352,193.3,0.4209,0.5791,0.0,0.2626,11,1.453
2,break_close_location>=0.496(p10) & trend_age_impulses>=5.000(p50),0.0138,57.5,1074,153.5,0.4209,0.5791,0.0,0.2626,9,1.453
2,distance_to_next_htf_obstacle_atr>=0.235(p25) & htf_range_size_high_atr<=48.734(p75),0.0137,53.1,991,141.7,0.4208,0.5782,0.001,0.2632,10,1.455
2,aoi_far_edge_atr>=1.414(p25) & signal_candle_opposite_extreme_atr>=0.514(p25),0.0137,65.3,1219,174.3,0.4208,0.5792,0.0,0.2625,9,1.453
2,break_impulse_range_atr<=1.398(p75) & aoi_far_edge_atr>=1.211(p10),0.0137,59.2,1105,158.0,0.4208,0.5792,0.0,0.2624,11,1.453
2,distance_to_next_htf_obstacle_atr>=0.235(p25) & htf_range_size_high_atr>=24.415(p10),0.0137,65.9,1231,176.0,0.4208,0.5792,0.0,0.2624,11,1.453
2,aoi_far_edge_atr>=1.211(p10) & signal_candle_range_atr<=1.398(p75),0.0137,59.2,1105,158.0,0.4208,0.5792,0.0,0.2624,11,1.453
2,bars_between_retest_and_break<=2.000(p75) & htf_range_size_high_atr<=48.734(p75),0.0136,55.4,1034,147.8,0.4207,0.5783,0.001,0.2629,12,1.455
2,distance_to_next_htf_obstacle_atr>=0.235(p25) & break_close_location>=0.496(p10),0.0135,64.4,1203,172.0,0.4206,0.5786,0.0008,0.2626,11,1.454
2,max_retest_penetration_atr<=1.141(p75) & trend_age_impulses>=4.000(p25),0.0134,63.7,1189,170.0,0.4205,0.5786,0.0008,0.2623,11,1.453
2,htf_range_size_high_atr>=24.415(p10) & signal_candle_opposite_extreme_atr>=0.359(p10),0.0133,84.5,1577,225.4,0.4204,0.5796,0.0,0.2613,10,1.451
2,bars_between_retest_and_break<=1.000(p50) & bars_between_retest_and_break<=5.000(p90),0.0132,65.5,1223,174.8,0.4203,0.5789,0.0008,0.2615,15,1.452
2,trend_age_impulses>=4.000(p25) & htf_range_size_high_atr<=48.734(p75),0.0132,61.2,1142,163.3,0.4203,0.5788,0.0009,0.2617,14,1.452
2,distance_to_next_htf_obstacle_atr>=0.235(p25) & signal_candle_opposite_extreme_atr>=0.514(p25),0.0132,58.1,1085,155.1,0.4203,0.5797,0.0,0.2608,12,1.45
2,bars_between_retest_and_break<=1.000(p50) & bars_between_retest_and_break<=2.000(p75),0.0132,65.5,1223,174.8,0.4203,0.5789,0.0008,0.2615,15,1.452
1,bars_between_retest_and_break<=1.000(p50),0.0132,65.5,1223,174.8,0.4203,0.5789,0.0008,0.2615,15,1.452
2,max_retest_penetration_atr<=1.141(p75) & recent_trend_payoff_atr_24h<=3.209(p90),0.0131,66.4,1240,177.3,0.4202,0.579,0.0008,0.2612,10,1.451
2,break_close_location>=0.636(p25) & signal_candle_body_atr>=0.328(p25),0.013,66.1,1233,176.3,0.4201,0.5799,0.0,0.2603,11,1.449
2,htf_range_size_high_atr>=24.415(p10) & signal_candle_body_atr>=0.328(p25),0.013,72.0,1345,192.3,0.4201,0.5799,0.0,0.2602,11,1.449
2,break_close_location>=0.636(p25) & break_impulse_body_atr>=0.328(p25),0.013,66.1,1233,176.3,0.4201,0.5799,0.0,0.2603,11,1.449
2,break_impulse_body_atr>=0.328(p25) & htf_range_size_high_atr>=24.415(p10),0.013,72.0,1345,192.3,0.4201,0.5799,0.0,0.2602,11,1.449
2,bars_between_retest_and_break<=5.000(p90) & recent_trend_payoff_atr_48h<=2.606(p75),0.013,68.1,1271,181.7,0.4201,0.5791,0.0008,0.2611,11,1.451
1,htf_range_size_mid_atr>=20.779(p50),0.0129,53.6,1000,143.0,0.42,0.58,0.0,0.26,11,1.448
2,break_impulse_body_atr>=0.328(p25) & aoi_near_edge_atr>=0.271(p50),0.0128,54.5,1017,145.4,0.4199,0.5801,0.0,0.2596,12,1.447
2,break_impulse_range_atr<=1.398(p75) & trend_age_impulses>=4.000(p25),0.0128,58.8,1098,157.0,0.4199,0.5792,0.0009,0.2603,10,1.449
2,max_retest_penetration_atr<=1.141(p75) & aoi_far_edge_atr>=1.211(p10),0.0128,66.2,1236,176.7,0.4199,0.5801,0.0,0.2597,10,1.448
2,trend_age_impulses>=4.000(p25) & signal_candle_range_atr<=1.398(p75),0.0128,58.8,1098,157.0,0.4199,0.5792,0.0009,0.2603,10,1.449
2,aoi_near_edge_atr>=0.271(p50) & signal_candle_body_atr>=0.328(p25),0.0128,54.5,1017,145.4,0.4199,0.5801,0.0,0.2596,12,1.447
2,recent_trend_payoff_atr_48h<=2.606(p75) & signal_candle_opposite_extreme_atr>=0.359(p10),0.0127,70.8,1322,189.0,0.4198,0.5794,0.0008,0.2601,12,1.449
3,distance_to_next_htf_obstacle_atr>=0.235(p25) & break_close_location>=0.636(p25) & signal_candle_opposite_extreme_atr>=0.359(p10),0.0127,53.1,991,141.7,0.4198,0.5792,0.001,0.2602,9,1.449
2,trend_age_impulses>=4.000(p25) & htf_range_size_high_atr>=24.415(p10),0.0126,77.3,1444,206.4,0.4197,0.5803,0.0,0.259,10,1.446
2,bars_between_retest_and_break<=5.000(p90) & htf_range_size_high_atr>=24.415(p10),0.0125,81.3,1518,217.0,0.4196,0.5804,0.0,0.2589,12,1.446
1,aoi_near_edge_atr>=0.271(p50),0.0124,55.5,1037,148.2,0.4195,0.5805,0.0,0.2584,12,1.445
2,recent_trend_payoff_atr_24h<=3.209(p90) & htf_range_size_high_atr>=24.415(p10),0.0124,83.1,1552,221.9,0.4195,0.5805,0.0,0.2584,10,1.445
2,max_retest_penetration_atr<=1.141(p75) & aoi_far_edge_atr>=1.414(p25),0.0124,55.5,1037,148.2,0.4195,0.5805,0.0,0.2584,10,1.445
2,bars_between_retest_and_break<=5.000(p90) & break_close_location>=0.496(p10),0.0124,80.6,1504,215.0,0.4195,0.5798,0.0007,0.2592,12,1.447
2,recent_trend_payoff_atr_24h<=3.209(p90) & trend_age_impulses>=4.000(p25),0.0124,76.5,1428,204.1,0.4195,0.5798,0.0007,0.259,10,1.447
2,htf_range_size_high_atr>=24.415(p10) & signal_candle_opposite_extreme_atr>=0.514(p25),0.0124,74.6,1392,199.0,0.4195,0.5805,0.0,0.2586,9,1.446
2,bars_between_retest_and_break<=5.000(p90) & aoi_far_edge_atr>=1.211(p10),0.0123,80.7,1507,215.4,0.4194,0.5806,0.0,0.2581,10,1.445
2,break_close_location>=0.496(p10) & signal_candle_opposite_extreme_atr>=0.514(p25),0.0122,78.7,1469,210.0,0.4193,0.5807,0.0,0.258,10,1.444
2,max_retest_penetration_atr<=1.141(p75) & bars_between_retest_and_break<=1.000(p50),0.0121,59.3,1107,158.3,0.4192,0.5799,0.0009,0.2582,11,1.445
3,max_retest_penetration_atr<=1.141(p75) & bars_between_retest_and_break<=1.000(p50) & bars_between_retest_and_break<=2.000(p75),0.0121,59.3,1107,158.3,0.4192,0.5799,0.0009,0.2582,11,1.445
2,recent_trend_payoff_atr_48h<=2.606(p75) & htf_range_size_high_atr>=24.415(p10),0.0121,68.6,1281,183.1,0.4192,0.5808,0.0,0.2576,12,1.444
2,recent_trend_payoff_atr_48h<=2.606(p75) & htf_range_size_high_atr<=48.734(p75),0.012,55.6,1038,148.4,0.4191,0.58,0.001,0.2581,12,1.445
2,break_close_location>=0.496(p10) & htf_range_size_high_atr<=48.734(p75),0.012,66.2,1236,176.7,0.4191,0.5801,0.0008,0.258,12,1.445
2,recent_trend_payoff_atr_24h<=3.209(p90) & signal_candle_opposite_extreme_atr>=0.514(p25),0.012,75.2,1403,200.6,0.4191,0.5809,0.0,0.2573,10,1.443
1,aoi_far_edge_atr>=1.414(p25),0.0119,76.1,1420,203.0,0.419,0.581,0.0,0.257,9,1.442
2,break_close_location>=0.636(p25) & signal_candle_opposite_extreme_atr>=0.514(p25),0.0119,69.4,1296,185.3,0.419,0.581,0.0,0.2569,10,1.442
2,aoi_far_edge_atr>=1.663(p50) & signal_candle_opposite_extreme_atr>=0.359(p10),0.0119,50.6,945,135.1,0.419,0.581,0.0,0.2571,18,1.443
2,aoi_far_edge_atr>=1.211(p10) & aoi_far_edge_atr>=1.414(p25),0.0119,76.1,1420,203.0,0.419,0.581,0.0,0.257,9,1.442
2,bars_between_retest_and_break<=5.000(p90) & signal_candle_opposite_extreme_atr>=0.359(p10),0.0118,83.3,1554,222.2,0.4189,0.5804,0.0006,0.2573,12,1.443
2,htf_range_size_high_atr>=24.415(p10) & aoi_far_edge_atr>=1.211(p10),0.0118,82.9,1547,221.2,0.4189,0.5811,0.0,0.2566,9,1.442
2,max_retest_penetration_atr<=1.141(p75) & htf_range_size_high_atr>=24.415(p10),0.0116,67.2,1254,179.3,0.4187,0.5813,0.0,0.256,10,1.44
2,break_close_location>=0.496(p10) & signal_candle_body_atr>=0.328(p25),0.0115,75.6,1412,201.9,0.4186,0.5814,0.0,0.2557,11,1.44
2,break_close_location>=0.496(p10) & break_impulse_body_atr>=0.328(p25),0.0115,75.6,1412,201.9,0.4186,0.5814,0.0,0.2557,11,1.44
2,aoi_far_edge_atr>=1.211(p10) & signal_candle_body_atr>=0.328(p25),0.0115,73.3,1369,195.7,0.4186,0.5814,0.0,0.2557,11,1.44
2,break_impulse_body_atr>=0.328(p25) & aoi_far_edge_atr>=1.211(p10),0.0115,73.3,1369,195.7,0.4186,0.5814,0.0,0.2557,11,1.44
2,break_close_location>=0.636(p25) & aoi_far_edge_atr>=1.211(p10),0.0114,69.4,1295,185.1,0.4185,0.5815,0.0,0.2556,10,1.44
2,break_close_location>=0.496(p10) & htf_range_size_high_atr>=24.415(p10),0.0113,82.1,1532,219.0,0.4184,0.5816,0.0,0.2552,10,1.439
2,htf_range_size_high_atr<=48.734(p75) & aoi_far_edge_atr>=1.211(p10),0.0112,64.6,1205,172.3,0.4183,0.5817,0.0,0.2548,12,1.438
2,max_retest_penetration_atr<=1.141(p75) & bars_between_retest_and_break<=2.000(p75),0.0111,65.5,1222,174.7,0.4182,0.581,0.0008,0.2552,13,1.439
1,aoi_far_edge_atr>=1.663(p50),0.0111,52.4,978,139.8,0.4182,0.5818,0.0,0.2546,18,1.438
2,aoi_far_edge_atr>=1.414(p25) & aoi_far_edge_atr>=1.663(p50),0.0111,52.4,978,139.8,0.4182,0.5818,0.0,0.2546,18,1.438
2,aoi_far_edge_atr>=1.211(p10) & aoi_far_edge_atr>=1.663(p50),0.0111,52.4,978,139.8,0.4182,0.5818,0.0,0.2546,18,1.438
2,aoi_far_edge_atr>=1.211(p10) & signal_candle_opposite_extreme_atr>=0.514(p25),0.0109,74.8,1397,199.7,0.418,0.582,0.0,0.2541,9,1.437
2,distance_to_next_htf_obstacle_atr>=0.235(p25) & recent_trend_payoff_atr_24h<=3.209(p90),0.0109,67.3,1256,179.6,0.418,0.5812,0.0008,0.2547,11,1.438
2,break_close_location>=0.496(p10) & signal_candle_opposite_extreme_atr>=0.359(p10),0.0108,87.1,1627,232.6,0.4179,0.5814,0.0006,0.2544,9,1.437
2,break_close_location>=0.496(p10) & aoi_far_edge_atr>=1.211(p10),0.0108,81.9,1529,218.6,0.4179,0.5821,0.0,0.2538,9,1.436
1,break_close_location>=0.636(p25),0.0107,75.9,1417,202.6,0.4178,0.5815,0.0007,0.254,10,1.437
2,break_close_location>=0.496(p10) & break_close_location>=0.636(p25),0.0107,75.9,1417,202.6,0.4178,0.5815,0.0007,0.254,10,1.437
2,htf_range_size_high_atr>=24.415(p10) & signal_candle_range_atr<=1.398(p75),0.0107,61.6,1149,164.3,0.4178,0.5822,0.0,0.2533,11,1.435
2,break_impulse_range_atr<=1.398(p75) & htf_range_size_high_atr>=24.415(p10),0.0107,61.6,1149,164.3,0.4178,0.5822,0.0,0.2533,11,1.435
2,break_close_location>=0.496(p10) & recent_trend_payoff_atr_48h<=2.606(p75),0.0107,68.7,1283,183.4,0.4178,0.5814,0.0008,0.254,11,1.437
2,recent_trend_payoff_atr_48h<=2.606(p75) & aoi_far_edge_atr>=1.211(p10),0.0106,68.0,1269,181.4,0.4177,0.5823,0.0,0.253,12,1.434
2,aoi_far_edge_atr>=1.211(p10) & signal_candle_opposite_extreme_atr>=0.359(p10),0.0106,84.6,1580,225.9,0.4177,0.5823,0.0,0.2532,11,1.435
2,recent_trend_payoff_atr_24h<=3.209(p90) & recent_trend_payoff_atr_48h<=2.606(p75),0.0105,73.7,1377,196.8,0.4176,0.5817,0.0007,0.2533,12,1.435
2,distance_to_next_htf_obstacle_atr>=0.235(p25) & break_close_location>=0.636(p25),0.0104,53.9,1006,143.8,0.4175,0.5815,0.001,0.2533,9,1.436
3,distance_to_next_htf_obstacle_atr>=0.235(p25) & break_close_location>=0.496(p10) & break_close_location>=0.636(p25),0.0104,53.9,1006,143.8,0.4175,0.5815,0.001,0.2533,9,1.436
2,distance_to_next_htf_obstacle_atr>=0.235(p25) & recent_trend_payoff_atr_48h<=2.606(p75),0.0101,57.2,1069,152.8,0.4172,0.5819,0.0009,0.2524,12,1.434
2,break_impulse_body_atr>=0.328(p25) & signal_candle_opposite_extreme_atr>=0.514(p25),0.0099,73.6,1374,196.4,0.417,0.583,0.0,0.2511,11,1.431
2,signal_candle_opposite_extreme_atr>=0.514(p25) & signal_candle_body_atr>=0.328(p25),0.0099,73.6,1374,196.4,0.417,0.583,0.0,0.2511,11,1.431
2,bars_between_retest_and_break<=5.000(p90) & recent_trend_payoff_atr_24h<=3.209(p90),0.0098,81.8,1528,218.4,0.4169,0.5825,0.0007,0.2512,11,1.431
2,htf_range_size_high_atr<=48.734(p75) & signal_candle_opposite_extreme_atr>=0.359(p10),0.0095,68.4,1277,182.6,0.4166,0.5826,0.0008,0.2505,13,1.43
2,bars_between_retest_and_break<=5.000(p90) & break_impulse_range_atr<=1.398(p75),0.0092,61.1,1141,163.1,0.4163,0.5828,0.0009,0.2497,12,1.428
2,bars_between_retest_and_break<=5.000(p90) & signal_candle_range_atr<=1.398(p75),0.0092,61.1,1141,163.1,0.4163,0.5828,0.0009,0.2497,12,1.428
2,recent_trend_payoff_atr_24h<=3.209(p90) & aoi_far_edge_atr>=1.211(p10),0.0091,82.1,1533,219.2,0.4162,0.5838,0.0,0.2485,9,1.426
1,trend_age_impulses>=5.000(p50),0.009,64.5,1204,172.1,0.4161,0.5839,0.0,0.2483,11,1.425
1,distance_to_next_htf_obstacle_atr>=0.235(p25),0.009,72.5,1353,193.4,0.4161,0.5831,0.0007,0.249,12,1.427
2,trend_age_impulses>=4.000(p25) & trend_age_impulses>=5.000(p50),0.009,64.5,1204,172.1,0.4161,0.5839,0.0,0.2483,11,1.425
2,recent_trend_payoff_atr_24h<=3.209(p90) & signal_candle_opposite_extreme_atr>=0.359(p10),0.0089,85.1,1589,227.2,0.416,0.5834,0.0006,0.2485,10,1.426
1,distance_from_last_impulse_atr>=0.856(p50),0.0086,52.7,984,140.7,0.4157,0.5843,0.0,0.247,11,1.423
2,max_retest_penetration_atr<=1.141(p75) & bars_between_retest_and_break<=5.000(p90),0.0085,72.0,1345,192.3,0.4156,0.5836,0.0007,0.2475,13,1.424
2,break_impulse_range_atr<=1.398(p75) & recent_trend_payoff_atr_24h<=3.209(p90),0.0083,60.5,1129,161.4,0.4154,0.5837,0.0009,0.247,11,1.423
2,signal_candle_opposite_extreme_atr>=0.359(p10) & signal_candle_opposite_extreme_atr>=0.514(p25),0.0083,81.6,1524,217.9,0.4154,0.5846,0.0,0.2461,10,1.421
2,recent_trend_payoff_atr_24h<=3.209(p90) & signal_candle_range_atr<=1.398(p75),0.0083,60.5,1129,161.4,0.4154,0.5837,0.0009,0.247,11,1.423
1,signal_candle_opposite_extreme_atr>=0.514(p25),0.0083,81.6,1524,217.9,0.4154,0.5846,0.0,0.2461,10,1.421
2,break_close_location>=0.496(p10) & recent_trend_payoff_atr_24h<=3.209(p90),0.0082,82.2,1534,219.3,0.4153,0.5841,0.0007,0.2463,9,1.422
2,break_impulse_range_atr<=1.398(p75) & recent_trend_payoff_atr_48h<=2.606(p75),0.0082,50.5,944,134.9,0.4153,0.5837,0.0011,0.2467,10,1.423
3,break_impulse_range_atr<=1.398(p75) & recent_trend_payoff_atr_48h<=2.606(p75) & signal_candle_range_atr<=1.398(p75),0.0082,50.5,944,134.9,0.4153,0.5837,0.0011,0.2467,10,1.423
2,recent_trend_payoff_atr_48h<=2.606(p75) & signal_candle_range_atr<=1.398(p75),0.0082,50.5,944,134.9,0.4153,0.5837,0.0011,0.2467,10,1.423
1,trend_age_impulses>=4.000(p25),0.0078,84.7,1581,226.0,0.4149,0.5844,0.0006,0.2453,10,1.42
2,distance_to_next_htf_obstacle_atr>=0.235(p25) & signal_candle_body_atr>=0.328(p25),0.0077,56.3,1051,150.2,0.4148,0.5852,0.0,0.2445,13,1.418
2,distance_to_next_htf_obstacle_atr>=0.235(p25) & break_impulse_body_atr>=0.328(p25),0.0077,56.3,1051,150.2,0.4148,0.5852,0.0,0.2445,13,1.418
1,signal_candle_body_atr>=0.328(p25),0.0074,79.2,1479,211.4,0.4145,0.5855,0.0,0.2434,11,1.416
1,break_impulse_body_atr>=0.328(p25),0.0074,79.2,1479,211.4,0.4145,0.5855,0.0,0.2434,11,1.416
2,break_impulse_body_atr>=0.328(p25) & signal_candle_body_atr>=0.328(p25),0.0074,79.2,1479,211.4,0.4145,0.5855,0.0,0.2434,11,1.416
2,recent_trend_payoff_atr_48h<=2.606(p75) & signal_candle_body_atr>=0.328(p25),0.0074,61.1,1141,163.1,0.4145,0.5855,0.0,0.2436,10,1.416
2,break_impulse_body_atr>=0.328(p25) & recent_trend_payoff_atr_48h<=2.606(p75),0.0074,61.1,1141,163.1,0.4145,0.5855,0.0,0.2436,10,1.416
2,break_impulse_body_atr>=0.328(p25) & break_impulse_body_atr>=0.551(p50),0.0073,56.4,1052,150.4,0.4144,0.5856,0.0,0.2433,10,1.416
1,break_impulse_body_atr>=0.551(p50),0.0073,56.4,1052,150.4,0.4144,0.5856,0.0,0.2433,10,1.416
1,signal_candle_body_atr>=0.551(p50),0.0073,56.4,1052,150.4,0.4144,0.5856,0.0,0.2433,10,1.416
2,signal_candle_body_atr>=0.328(p25) & signal_candle_body_atr>=0.551(p50),0.0073,56.4,1052,150.4,0.4144,0.5856,0.0,0.2433,10,1.416
2,signal_candle_opposite_extreme_atr>=0.514(p25) & signal_candle_body_atr>=0.551(p50),0.0073,56.4,1052,150.4,0.4144,0.5856,0.0,0.2433,10,1.416
2,signal_candle_opposite_extreme_atr>=0.359(p10) & signal_candle_body_atr>=0.551(p50),0.0073,56.4,1052,150.4,0.4144,0.5856,0.0,0.2433,10,1.416
2,break_impulse_body_atr>=0.551(p50) & signal_candle_opposite_extreme_atr>=0.359(p10),0.0073,56.4,1052,150.4,0.4144,0.5856,0.0,0.2433,10,1.416
2,break_impulse_body_atr>=0.551(p50) & signal_candle_opposite_extreme_atr>=0.514(p25),0.0073,56.4,1052,150.4,0.4144,0.5856,0.0,0.2433,10,1.416
2,break_impulse_body_atr>=0.551(p50) & signal_candle_body_atr>=0.328(p25),0.0073,56.4,1052,150.4,0.4144,0.5856,0.0,0.2433,10,1.416
2,break_impulse_body_atr>=0.551(p50) & signal_candle_body_atr>=0.551(p50),0.0073,56.4,1052,150.4,0.4144,0.5856,0.0,0.2433,10,1.416
2,break_impulse_body_atr>=0.328(p25) & signal_candle_body_atr>=0.551(p50),0.0073,56.4,1052,150.4,0.4144,0.5856,0.0,0.2433,10,1.416
2,signal_candle_opposite_extreme_atr>=0.359(p10) & signal_candle_body_atr>=0.328(p25),0.007,78.9,1473,210.6,0.4141,0.5859,0.0,0.2424,11,1.414
2,break_impulse_body_atr>=0.328(p25) & signal_candle_opposite_extreme_atr>=0.359(p10),0.007,78.9,1473,210.6,0.4141,0.5859,0.0,0.2424,11,1.414
2,break_impulse_body_atr>=0.328(p25) & recent_trend_payoff_atr_24h<=3.209(p90),0.0067,73.0,1363,194.8,0.4138,0.5862,0.0,0.2414,11,1.412
2,recent_trend_payoff_atr_24h<=3.209(p90) & signal_candle_body_atr>=0.328(p25),0.0067,73.0,1363,194.8,0.4138,0.5862,0.0,0.2414,11,1.412
2,bars_between_retest_and_break<=5.000(p90) & htf_range_size_high_atr<=48.734(p75),0.0067,66.1,1235,176.5,0.4138,0.5854,0.0008,0.242,16,1.413
1,max_retest_penetration_atr<=1.141(p75),0.0067,73.9,1380,197.3,0.4138,0.5855,0.0007,0.2419,10,1.413
1,signal_candle_opposite_extreme_atr>=0.359(p10),0.0064,92.9,1734,247.9,0.4135,0.5859,0.0006,0.241,10,1.411
3,break_close_location>=0.496(p10) & break_impulse_range_atr<=1.398(p75) & signal_candle_range_atr<=1.398(p75),0.0062,60.2,1125,160.8,0.4133,0.5858,0.0009,0.2408,12,1.411
1,htf_range_size_high_atr>=24.415(p10),0.0062,90.9,1696,242.5,0.4133,0.5867,0.0,0.24,10,1.409
2,break_close_location>=0.496(p10) & break_impulse_range_atr<=1.398(p75),0.0062,60.2,1125,160.8,0.4133,0.5858,0.0009,0.2408,12,1.411
2,break_close_location>=0.496(p10) & signal_candle_range_atr<=1.398(p75),0.0062,60.2,1125,160.8,0.4133,0.5858,0.0009,0.2408,12,1.411
2,recent_trend_payoff_atr_24h<=3.209(p90) & htf_range_size_high_atr<=48.734(p75),0.0061,66.4,1239,177.1,0.4132,0.586,0.0008,0.2404,14,1.41
1,bars_between_retest_and_break<=5.000(p90),0.006,89.7,1675,239.4,0.4131,0.5863,0.0006,0.2399,12,1.409
1,recent_trend_payoff_atr_48h<=2.606(p75),0.0057,75.9,1417,202.6,0.4128,0.5865,0.0007,0.2391,13,1.408
1,signal_candle_range_atr<=1.398(p75),0.0057,67.6,1262,180.4,0.4128,0.5864,0.0008,0.2392,11,1.408
2,break_impulse_range_atr<=1.398(p75) & signal_candle_range_atr<=1.398(p75),0.0057,67.6,1262,180.4,0.4128,0.5864,0.0008,0.2392,11,1.408
1,break_impulse_range_atr<=1.398(p75),0.0057,67.6,1262,180.4,0.4128,0.5864,0.0008,0.2392,11,1.408
1,aoi_far_edge_atr>=1.211(p10),0.0054,90.3,1685,240.9,0.4125,0.5875,0.0,0.2374,9,1.404
1,htf_range_size_high_atr>=38.457(p50),0.0052,52.2,975,139.4,0.4123,0.5877,0.0,0.2369,13,1.403
2,break_impulse_body_atr>=0.551(p50) & recent_trend_payoff_atr_24h<=3.209(p90),0.0052,52.2,975,139.4,0.4123,0.5877,0.0,0.2369,11,1.403
2,htf_range_size_high_atr>=24.415(p10) & htf_range_size_high_atr>=38.457(p50),0.0052,52.2,975,139.4,0.4123,0.5877,0.0,0.2369,13,1.403
2,recent_trend_payoff_atr_24h<=3.209(p90) & signal_candle_body_atr>=0.551(p50),0.0052,52.2,975,139.4,0.4123,0.5877,0.0,0.2369,11,1.403
1,htf_range_size_high_atr<=48.734(p75),0.005,72.8,1359,194.3,0.4121,0.5872,0.0007,0.2368,14,1.403
1,break_close_location>=0.496(p10),0.005,90.2,1684,240.7,0.4121,0.5873,0.0006,0.2369,9,1.403
1,recent_trend_payoff_atr_24h<=-0.373(p50),0.0049,50.8,949,135.7,0.412,0.5869,0.0011,0.2369,12,1.404
2,recent_trend_payoff_atr_24h<=-0.373(p50) & recent_trend_payoff_atr_24h<=3.209(p90),0.0049,50.8,949,135.7,0.412,0.5869,0.0011,0.2369,12,1.404
1,recent_trend_payoff_atr_24h<=3.209(p90),0.0048,91.2,1702,243.3,0.4119,0.5875,0.0006,0.2361,10,1.402
1,bullish_only,0.0047,54.4,1015,145.1,0.4118,0.5872,0.001,0.2363,9,1.402
1,trend_age_impulses<=7.000(p90),0.0046,93.1,1739,248.6,0.4117,0.5877,0.0006,0.2357,10,1.401
1,max_retest_penetration_atr<=1.547(p90),0.0044,90.5,1689,241.5,0.4115,0.5879,0.0006,0.235,12,1.4
1,trend_age_impulses>=3.000(p10),0.0038,95.0,1774,253.6,0.4109,0.5885,0.0006,0.2333,10,1.396
1,htf_range_size_high_atr>=30.576(p25),0.0038,77.6,1448,207.0,0.4109,0.5891,0.0,0.2327,16,1.395
1,distance_to_next_htf_obstacle_atr>=0.089(p10),0.0038,88.1,1645,235.2,0.4109,0.5884,0.0006,0.2334,10,1.396
1,session_directional_bias<=0.240(p75),0.0037,64.3,1200,171.5,0.4108,0.5892,0.0,0.2325,18,1.395
2,max_retest_penetration_atr<=1.141(p75) & htf_range_size_high_atr<=48.734(p75),0.0035,53.4,996,142.4,0.4106,0.5884,0.001,0.2328,16,1.396
1,recent_trend_payoff_atr_48h<=4.965(p90),0.0032,90.5,1689,241.5,0.4103,0.5891,0.0006,0.2314,13,1.393
1,distance_from_last_impulse_atr<=3.250(p90),0.0028,89.5,1671,238.9,0.4099,0.5895,0.0006,0.2303,10,1.391
1,recent_trend_payoff_atr_24h>=-3.936(p10),0.0028,90.0,1681,240.3,0.4099,0.5895,0.0006,0.2301,10,1.39
1,distance_from_last_impulse_atr>=0.369(p25),0.0026,77.1,1440,205.9,0.4097,0.5903,0.0,0.2292,13,1.388
1,trend_age_bars_1h<=24.000(p90),0.0025,90.6,1692,241.9,0.4096,0.5898,0.0006,0.2292,12,1.389
1,retest_candle_body_penetration>=0.261(p25),0.0025,78.5,1465,209.4,0.4096,0.5898,0.0007,0.2293,10,1.389
1,htf_range_size_high_atr<=60.547(p90),0.0023,89.6,1673,239.2,0.4094,0.59,0.0006,0.2288,11,1.388
1,signal_candle_range_atr>=0.580(p10),0.0022,94.8,1769,252.9,0.4093,0.5907,0.0,0.2278,10,1.386
1,break_impulse_range_atr>=0.580(p10),0.0022,94.8,1769,252.9,0.4093,0.5907,0.0,0.2278,10,1.386
1,recent_trend_payoff_atr_24h<=1.419(p75),0.0021,77.2,1442,206.1,0.4092,0.5902,0.0007,0.2281,10,1.386
1,signal_candle_opposite_extreme_atr>=0.747(p50),0.002,58.6,1095,156.5,0.4091,0.5909,0.0,0.2274,10,1.385
1,distance_from_last_impulse_atr>=0.144(p10),0.002,90.7,1694,242.2,0.4091,0.5903,0.0006,0.2278,11,1.386
1,signal_candle_range_atr>=1.037(p50),0.0017,59.9,1118,159.8,0.4088,0.5912,0.0,0.2263,13,1.383
1,break_impulse_range_atr>=1.037(p50),0.0017,59.9,1118,159.8,0.4088,0.5912,0.0,0.2263,13,1.383
1,retest_candle_body_penetration<=0.908(p90),0.0016,89.1,1664,237.9,0.4087,0.5907,0.0006,0.2265,10,1.383
1,aoi_near_edge_atr>=0.117(p25),0.0009,77.4,1446,206.7,0.408,0.592,0.0,0.2241,9,1.379
1,signal_candle_body_atr>=0.184(p10),0.0008,92.4,1726,246.7,0.4079,0.5915,0.0006,0.2241,10,1.379
1,break_impulse_body_atr>=0.184(p10),0.0008,92.4,1726,246.7,0.4079,0.5915,0.0006,0.2241,10,1.379
1,aoi_time_since_last_touch>=0.000(p25),0.0006,99.9,1864,266.5,0.4077,0.5917,0.0005,0.2236,10,1.378
1,aoi_time_since_last_touch>=0.000(p10),0.0006,99.9,1864,266.5,0.4077,0.5917,0.0005,0.2236,10,1.378
1,aoi_time_since_last_touch>=0.000(p50),0.0006,99.9,1864,266.5,0.4077,0.5917,0.0005,0.2236,10,1.378
1,session_directional_bias<=0.913(p90),0.0005,77.4,1445,206.6,0.4076,0.5924,0.0,0.2228,13,1.376
1,geo_aoi_height_atr<=1.785(p90),0.0005,92.1,1720,245.9,0.4076,0.5919,0.0006,0.2232,10,1.377
1,aoi_height_atr<=1.785(p90),0.0005,92.1,1720,245.9,0.4076,0.5919,0.0006,0.2232,10,1.377
1,aoi_height_atr>=1.144(p25),0.0003,72.8,1360,194.4,0.4074,0.5926,0.0,0.2221,11,1.375
1,geo_aoi_height_atr>=1.144(p25),0.0003,72.8,1360,194.4,0.4074,0.5926,0.0,0.2221,11,1.375
1,max_retest_penetration_atr>=0.458(p25),0.0003,78.6,1468,209.9,0.4074,0.592,0.0007,0.2227,9,1.376
1,aoi_class==tradable,0.0,100.0,1867,266.9,0.4071,0.5924,0.0005,0.2217,10,1.374
1,trend_age_bars_1h>=0.000(p50),0.0,100.0,1867,266.9,0.4071,0.5924,0.0005,0.2217,10,1.374
1,trend_age_bars_1h>=0.000(p25),0.0,100.0,1867,266.9,0.4071,0.5924,0.0005,0.2217,10,1.374
1,trend_age_bars_1h>=0.000(p10),0.0,100.0,1867,266.9,0.4071,0.5924,0.0005,0.2217,10,1.374
1,trend_alignment>=2,0.0,100.0,1867,266.9,0.4071,0.5924,0.0005,0.2217,10,1.374
1,bars_between_retest_and_break>=0.000(p10),0.0,100.0,1867,266.9,0.4071,0.5924,0.0005,0.2217,10,1.374
1,bars_between_retest_and_break>=0.000(p25),0.0,100.0,1867,266.9,0.4071,0.5924,0.0005,0.2217,10,1.374
1,distance_from_last_impulse_atr<=1.826(p75),-0.0001,74.0,1381,197.4,0.407,0.5923,0.0007,0.2215,14,1.374
1,session_directional_bias>=-2.035(p10),-0.0006,75.9,1417,202.6,0.4065,0.5935,0.0,0.2195,13,1.37
1,aoi_time_since_last_touch<=3.000(p75),-0.0007,73.5,1373,196.3,0.4064,0.5929,0.0007,0.2199,12,1.371
1,signal_candle_opposite_extreme_atr<=1.068(p75),-0.0007,68.4,1277,182.6,0.4064,0.5928,0.0008,0.2199,12,1.371
1,htf_range_size_mid_atr<=32.061(p90),-0.0008,88.9,1659,237.2,0.4063,0.5931,0.0006,0.2193,11,1.37
1,max_retest_penetration_atr>=0.284(p10),-0.0009,91.9,1716,245.3,0.4062,0.5932,0.0006,0.219,11,1.369
1,aoi_height_atr>=0.979(p10),-0.0009,89.1,1664,237.9,0.4062,0.5938,0.0,0.2188,9,1.368
1,geo_aoi_height_atr>=0.979(p10),-0.0009,89.1,1664,237.9,0.4062,0.5938,0.0,0.2188,9,1.368
1,aoi_time_since_last_touch<=19.000(p90),-0.001,88.4,1650,235.9,0.4061,0.5933,0.0006,0.2187,9,1.369
1,geo_aoi_height_atr<=1.513(p75),-0.001,77.8,1453,207.7,0.4061,0.5933,0.0007,0.2188,14,1.369
1,aoi_height_atr<=1.513(p75),-0.001,77.8,1453,207.7,0.4061,0.5933,0.0007,0.2188,14,1.369
1,recent_trend_payoff_atr_48h>=-2.301(p25),-0.0011,74.7,1394,199.3,0.406,0.5933,0.0007,0.2187,12,1.369
1,htf_range_size_mid_atr>=13.707(p10),-0.0011,90.4,1687,241.2,0.406,0.594,0.0,0.2181,13,1.367
1,retest_candle_body_penetration>=0.166(p10),-0.0013,90.9,1698,242.7,0.4058,0.5936,0.0006,0.2178,9,1.367
1,htf_range_size_mid_atr>=16.728(p25),-0.0014,76.4,1427,204.0,0.4057,0.5943,0.0,0.2172,14,1.366
1,recent_trend_payoff_atr_24h>=-2.277(p25),-0.0016,73.7,1376,196.7,0.4055,0.5938,0.0007,0.2172,11,1.366
1,distance_to_next_htf_obstacle_atr<=1.793(p90),-0.002,90.0,1681,240.3,0.4051,0.5943,0.0006,0.2159,10,1.363
1,trend_age_bars_1h<=12.000(p75),-0.0021,74.4,1390,198.7,0.405,0.5942,0.0007,0.2157,14,1.363
1,aoi_near_edge_atr>=0.045(p10),-0.0021,91.4,1706,243.9,0.405,0.595,0.0,0.2151,9,1.362
1,trend_age_impulses<=6.000(p75),-0.0022,80.3,1499,214.3,0.4049,0.5944,0.0007,0.2154,10,1.362
1,break_impulse_range_atr>=0.762(p25),-0.0024,84.3,1574,225.0,0.4047,0.5953,0.0,0.2141,10,1.36
1,signal_candle_range_atr>=0.762(p25),-0.0024,84.3,1574,225.0,0.4047,0.5953,0.0,0.2141,10,1.36
1,break_impulse_body_atr<=0.853(p75),-0.0024,70.3,1312,187.6,0.4047,0.5945,0.0008,0.2148,12,1.361
1,signal_candle_body_atr<=0.853(p75),-0.0024,70.3,1312,187.6,0.4047,0.5945,0.0008,0.2148,12,1.361
1,trend_age_bars_1h<=0.000(p25),-0.0025,66.8,1248,178.4,0.4046,0.5946,0.0008,0.2146,14,1.361
1,recent_trend_payoff_atr_48h>=-4.773(p10),-0.0025,90.4,1688,241.3,0.4046,0.5948,0.0006,0.2144,10,1.36
1,trend_age_bars_1h<=0.000(p50),-0.0025,66.8,1248,178.4,0.4046,0.5946,0.0008,0.2146,14,1.361
1,trend_age_bars_1h<=0.000(p10),-0.0025,66.8,1248,178.4,0.4046,0.5946,0.0008,0.2146,14,1.361
1,break_close_location<=0.895(p90),-0.0033,90.7,1694,242.2,0.4038,0.5956,0.0006,0.2118,10,1.356
1,retest_candle_body_penetration<=0.636(p75),-0.0036,73.0,1363,194.8,0.4035,0.5965,0.0,0.2106,15,1.353
1,break_impulse_body_atr<=1.197(p90),-0.0056,88.0,1644,235.0,0.4015,0.5979,0.0006,0.2049,13,1.343
1,htf_range_size_mid_atr<=25.952(p75),-0.0056,73.1,1365,195.1,0.4015,0.5978,0.0007,0.205,15,1.343
1,signal_candle_body_atr<=1.197(p90),-0.0056,88.0,1644,235.0,0.4015,0.5979,0.0006,0.2049,13,1.343
1,distance_to_next_htf_obstacle_atr<=1.081(p75),-0.0067,76.7,1431,204.6,0.4004,0.5989,0.0007,0.2019,14,1.337
1,break_impulse_range_atr<=1.814(p90),-0.0067,87.1,1626,232.4,0.4004,0.599,0.0006,0.2016,13,1.337
1,signal_candle_range_atr<=1.814(p90),-0.0067,87.1,1626,232.4,0.4004,0.599,0.0006,0.2016,13,1.337
1,aoi_time_since_last_touch<=0.000(p10),-0.0071,54.4,1015,145.1,0.4,0.599,0.001,0.2008,15,1.335
1,aoi_time_since_last_touch<=0.000(p50),-0.0071,54.4,1015,145.1,0.4,0.599,0.001,0.2008,15,1.335
1,aoi_time_since_last_touch<=0.000(p25),-0.0071,54.4,1015,145.1,0.4,0.599,0.001,0.2008,15,1.335
1,aoi_near_edge_atr<=0.865(p90),-0.0073,88.4,1651,236.0,0.3998,0.5996,0.0006,0.1998,14,1.333
1,signal_candle_opposite_extreme_atr<=1.419(p90),-0.0075,87.8,1639,234.3,0.3996,0.5998,0.0006,0.1994,14,1.332
1,aoi_far_edge_atr<=2.365(p90),-0.0076,89.5,1672,239.0,0.3995,0.5999,0.0006,0.1991,14,1.332
1,break_close_location<=0.852(p75),-0.0091,76.2,1422,203.3,0.398,0.6013,0.0007,0.1947,12,1.324
1,session_directional_bias>=-1.110(p25),-0.0099,64.1,1196,171.0,0.3972,0.6028,0.0,0.1915,11,1.318
1,aoi_near_edge_atr<=0.521(p75),-0.0103,70.3,1313,187.7,0.3968,0.6024,0.0008,0.1911,12,1.317
1,aoi_height_atr<=1.320(p50),-0.0105,53.9,1006,143.8,0.3966,0.6024,0.001,0.1907,18,1.317
1,geo_aoi_height_atr<=1.320(p50),-0.0105,53.9,1006,143.8,0.3966,0.6024,0.001,0.1907,18,1.317
1,retest_candle_body_penetration>=0.413(p50),-0.0107,54.3,1014,145.0,0.3964,0.6026,0.001,0.1902,11,1.316
1,recent_trend_payoff_atr_48h<=0.226(p50),-0.0132,51.3,957,136.8,0.3939,0.605,0.001,0.1827,14,1.302
1,aoi_far_edge_atr<=1.988(p75),-0.0133,74.4,1389,198.6,0.3938,0.6055,0.0007,0.182,11,1.301
1,max_retest_penetration_atr>=0.741(p50),-0.0136,54.3,1014,145.0,0.3935,0.6055,0.001,0.1813,13,1.299
1,trend_age_impulses<=5.000(p50),-0.0164,60.1,1121,160.3,0.3907,0.6084,0.0009,0.1729,12,1.284
1,bars_between_retest_and_break>=1.000(p50),-0.0213,53.5,998,142.7,0.3858,0.6142,0.0,0.1573,10,1.256
1,distance_to_next_htf_obstacle_atr<=0.549(p50),-0.0244,52.5,980,140.1,0.3827,0.6163,0.001,0.1488,20,1.241
