bear_hard,bull_hard,min_dir_score,min_uni_score,avail_bear,avail_bull,avail_uni,bear_features,bull_features,uni_features,bear_win,bear_tpy,bull_win,bull_tpy,n_trades,tpy,win_pct,expectancy_r,max_losing_streak,profit_factor
tc<=3,sbias>=0.2+tc<=5,1,3,4,3,4,near<=0.32|range<=1.14|dist>=0.21|htfsize<=48,opp<=0.87|body<=0.64|dist>=0.21,bcl<=0.91|bars<=2|age<=6|payoff24<=2.04,,,,,507,72.5,0.5266,0.5821,10,2.235
tc<=3,sbias>=0.2+tc<=5,2,3,4,3,4,near<=0.32|range<=1.14|dist>=0.21|htfsize<=48,opp<=0.87|body<=0.64|dist>=0.21,bcl<=0.91|bars<=2|age<=6|payoff24<=2.04,,,,,420,60.0,0.5238,0.5741,8,2.212
tc<=3+dist>=0.21,sbias>=0.2+opp<=0.87,0,3,3,3,4,near<=0.32|range<=1.14|htfsize<=48,body<=0.64|tc<=5|dist>=0.21,bcl<=0.91|bars<=2|age<=6|payoff24<=2.04,,,,,431,61.6,0.522,0.5687,10,2.196
tc<=3,sbias>=0.2,2,3,4,4,4,near<=0.32|range<=1.14|dist>=0.21|htfsize<=48,opp<=0.87|body<=0.64|tc<=5|dist>=0.21,bcl<=0.91|bars<=2|age<=6|payoff24<=2.04,,,,,503,71.9,0.5209,0.5648,9,2.184
tc<=3,sbias>=0.2+opp<=0.87,1,3,4,3,4,near<=0.32|range<=1.14|dist>=0.21|htfsize<=48,body<=0.64|tc<=5|dist>=0.21,bcl<=0.91|bars<=2|age<=6|payoff24<=2.04,,,,,511,73.0,0.5205,0.5638,10,2.181
tc<=3,sbias>=0.2+opp<=0.87,2,3,4,3,4,near<=0.32|range<=1.14|dist>=0.21|htfsize<=48,body<=0.64|tc<=5|dist>=0.21,bcl<=0.91|bars<=2|age<=6|payoff24<=2.04,,,,,440,62.9,0.5205,0.5639,8,2.181
tc<=3,sbias>=0.2+opp<=0.87,0,3,4,3,4,near<=0.32|range<=1.14|dist>=0.21|htfsize<=48,body<=0.64|tc<=5|dist>=0.21,bcl<=0.91|bars<=2|age<=6|payoff24<=2.04,,,,,521,74.5,0.5202,0.5626,10,2.177
tc<=3+dist>=0.21,sbias>=0.2,1,3,3,4,4,near<=0.32|range<=1.14|htfsize<=48,opp<=0.87|body<=0.64|tc<=5|dist>=0.21,bcl<=0.91|bars<=2|age<=6|payoff24<=2.04,,,,,479,68.5,0.5198,0.5723,9,2.208
tc<=3+dist>=0.21,sbias>=0.2+tc<=5,0,3,3,3,4,near<=0.32|range<=1.14|htfsize<=48,opp<=0.87|body<=0.64|dist>=0.21,bcl<=0.91|bars<=2|age<=6|payoff24<=2.04,,,,,437,62.5,0.5195,0.5724,10,2.208
tc<=3,sbias>=0.2,1,3,4,4,4,near<=0.32|range<=1.14|dist>=0.21|htfsize<=48,opp<=0.87|body<=0.64|tc<=5|dist>=0.21,bcl<=0.91|bars<=2|age<=6|payoff24<=2.04,,,,,583,83.3,0.518,0.5646,11,2.184
tc<=3,sbias>=0.2+tc<=5,0,3,4,3,4,near<=0.32|range<=1.14|dist>=0.21|htfsize<=48,opp<=0.87|body<=0.64|dist>=0.21,bcl<=0.91|bars<=2|age<=6|payoff24<=2.04,,,,,527,75.3,0.518,0.5657,10,2.188
tc<=3+dist>=0.21,sbias>=0.2,0,3,3,4,4,near<=0.32|range<=1.14|htfsize<=48,opp<=0.87|body<=0.64|tc<=5|dist>=0.21,bcl<=0.91|bars<=2|age<=6|payoff24<=2.04,,,,,505,72.2,0.5149,0.5567,11,2.162
tc<=3,sbias>=0.2,0,3,4,4,4,near<=0.32|range<=1.14|dist>=0.21|htfsize<=48,opp<=0.87|body<=0.64|tc<=5|dist>=0.21,bcl<=0.91|bars<=2|age<=6|payoff24<=2.04,,,,,595,85.1,0.5143,0.5532,11,2.151
tc<=3+range<=1.14,sbias>=0.2,1,3,3,4,4,near<=0.32|dist>=0.21|htfsize<=48,opp<=0.87|body<=0.64|tc<=5|dist>=0.21,bcl<=0.91|bars<=2|age<=6|payoff24<=2.04,,,,,440,62.9,0.5136,0.5523,8,2.146
tc<=3+range<=1.14,sbias>=0.2,0,3,3,4,4,near<=0.32|dist>=0.21|htfsize<=48,opp<=0.87|body<=0.64|tc<=5|dist>=0.21,bcl<=0.91|bars<=2|age<=6|payoff24<=2.04,,,,,449,64.2,0.5122,0.5479,8,2.134
tc<=3+dist>=0.21,sbias>=0.2+tc<=5,1,2,3,3,4,near<=0.32|range<=1.14|htfsize<=48,opp<=0.87|body<=0.64|dist>=0.21,bcl<=0.91|bars<=2|age<=6|payoff24<=2.04,,,,,492,70.3,0.5102,0.5327,7,2.092
tc<=3+dist>=0.21,sbias>=0.2+tc<=5,1,0,3,3,4,near<=0.32|range<=1.14|htfsize<=48,opp<=0.87|body<=0.64|dist>=0.21,bcl<=0.91|bars<=2|age<=6|payoff24<=2.04,,,,,518,74.1,0.5097,0.5311,7,2.087
tc<=3+dist>=0.21,sbias>=0.2+tc<=5,1,1,3,3,4,near<=0.32|range<=1.14|htfsize<=48,opp<=0.87|body<=0.64|dist>=0.21,bcl<=0.91|bars<=2|age<=6|payoff24<=2.04,,,,,514,73.5,0.5097,0.5313,8,2.088
tc<=3+range<=1.14,sbias>=0.2,2,1,3,4,4,near<=0.32|dist>=0.21|htfsize<=48,opp<=0.87|body<=0.64|tc<=5|dist>=0.21,bcl<=0.91|bars<=2|age<=6|payoff24<=2.04,,,,,499,71.3,0.507,0.521,9,2.057
tc<=3,sbias>=0.2,3,1,4,4,4,near<=0.32|range<=1.14|dist>=0.21|htfsize<=48,opp<=0.87|body<=0.64|tc<=5|dist>=0.21,bcl<=0.91|bars<=2|age<=6|payoff24<=2.04,,,,,433,61.9,0.5058,0.5173,8,2.047
tc<=3+range<=1.14,sbias>=0.2,2,2,3,4,4,near<=0.32|dist>=0.21|htfsize<=48,opp<=0.87|body<=0.64|tc<=5|dist>=0.21,bcl<=0.91|bars<=2|age<=6|payoff24<=2.04,,,,,477,68.2,0.5052,0.5157,10,2.042
tc<=3+range<=1.14,sbias>=0.2,2,0,3,4,4,near<=0.32|dist>=0.21|htfsize<=48,opp<=0.87|body<=0.64|tc<=5|dist>=0.21,bcl<=0.91|bars<=2|age<=6|payoff24<=2.04,,,,,503,71.9,0.505,0.5149,9,2.04
tc<=3,sbias>=0.2,3,0,4,4,4,near<=0.32|range<=1.14|dist>=0.21|htfsize<=48,opp<=0.87|body<=0.64|tc<=5|dist>=0.21,bcl<=0.91|bars<=2|age<=6|payoff24<=2.04,,,,,436,62.3,0.5046,0.5138,8,2.037
tc<=3,sbias>=0.2+tc<=5,1,2,4,3,4,near<=0.32|range<=1.14|dist>=0.21|htfsize<=48,opp<=0.87|body<=0.64|dist>=0.21,bcl<=0.91|bars<=2|age<=6|payoff24<=2.04,0.5123,69.5,,,639,91.3,0.5039,0.5135,12,2.038
tc<=3+dist>=0.21,sbias>=0.2,2,1,3,4,4,near<=0.32|range<=1.14|htfsize<=48,opp<=0.87|body<=0.64|tc<=5|dist>=0.21,bcl<=0.91|bars<=2|age<=6|payoff24<=2.04,,,,,487,69.6,0.5031,0.5092,7,2.025
tc<=3+dist>=0.21,sbias>=0.2+opp<=0.87,1,2,3,3,4,near<=0.32|range<=1.14|htfsize<=48,body<=0.64|tc<=5|dist>=0.21,bcl<=0.91|bars<=2|age<=6|payoff24<=2.04,,,,,505,72.2,0.503,0.5111,8,2.032
tc<=3+range<=1.14,sbias>=0.2+tc<=5,1,1,3,3,4,near<=0.32|dist>=0.21|htfsize<=48,opp<=0.87|body<=0.64|dist>=0.21,bcl<=0.91|bars<=2|age<=6|payoff24<=2.04,,,,,480,68.6,0.5021,0.5062,9,2.017
tc<=3+dist>=0.21,sbias>=0.2,2,0,3,4,4,near<=0.32|range<=1.14|htfsize<=48,opp<=0.87|body<=0.64|tc<=5|dist>=0.21,bcl<=0.91|bars<=2|age<=6|payoff24<=2.04,,,,,490,70.0,0.502,0.5061,7,2.016
tc<=3+dist>=0.21,sbias>=0.2+opp<=0.87,0,2,3,3,4,near<=0.32|range<=1.14|htfsize<=48,body<=0.64|tc<=5|dist>=0.21,bcl<=0.91|bars<=2|age<=6|payoff24<=2.04,,,,,536,76.6,0.5019,0.5077,9,2.023
tc<=3+dist>=0.21,sbias>=0.2+opp<=0.87,1,0,3,3,4,near<=0.32|range<=1.14|htfsize<=48,body<=0.64|tc<=5|dist>=0.21,bcl<=0.91|bars<=2|age<=6|payoff24<=2.04,,,,,526,75.2,0.5019,0.5078,8,2.023
tc<=3,sbias>=0.2+tc<=5,2,0,4,3,4,near<=0.32|range<=1.14|dist>=0.21|htfsize<=48,opp<=0.87|body<=0.64|dist>=0.21,bcl<=0.91|bars<=2|age<=6|payoff24<=2.04,0.5115,62.3,,,548,78.3,0.5018,0.5075,10,2.022
tc<=3+dist>=0.21,sbias>=0.2,2,2,3,4,4,near<=0.32|range<=1.14|htfsize<=48,opp<=0.87|body<=0.64|tc<=5|dist>=0.21,bcl<=0.91|bars<=2|age<=6|payoff24<=2.04,,,,,467,66.8,0.5011,0.5032,8,2.009
tc<=3,sbias>=0.2+tc<=5,2,2,4,3,4,near<=0.32|range<=1.14|dist>=0.21|htfsize<=48,opp<=0.87|body<=0.64|dist>=0.21,bcl<=0.91|bars<=2|age<=6|payoff24<=2.04,,,,,523,74.8,0.501,0.505,10,2.016
tc<=3+dist>=0.21,sbias>=0.2+opp<=0.87,1,1,3,3,4,near<=0.32|range<=1.14|htfsize<=48,body<=0.64|tc<=5|dist>=0.21,bcl<=0.91|bars<=2|age<=6|payoff24<=2.04,,,,,523,74.8,0.501,0.505,8,2.016
tc<=3,sbias>=0.2+tc<=5,2,1,4,3,4,near<=0.32|range<=1.14|dist>=0.21|htfsize<=48,opp<=0.87|body<=0.64|dist>=0.21,bcl<=0.91|bars<=2|age<=6|payoff24<=2.04,0.5104,61.6,,,543,77.6,0.5009,0.5048,10,2.015
tc<=3+dist>=0.21,sbias>=0.2+opp<=0.87,0,0,3,3,4,near<=0.32|range<=1.14|htfsize<=48,body<=0.64|tc<=5|dist>=0.21,bcl<=0.91|bars<=2|age<=6|payoff24<=2.04,,,,,559,79.9,0.5009,0.5047,9,2.015
tc<=3+dist>=0.21,sbias>=0.2+opp<=0.87,0,1,3,3,4,near<=0.32|range<=1.14|htfsize<=48,body<=0.64|tc<=5|dist>=0.21,bcl<=0.91|bars<=2|age<=6|payoff24<=2.04,,,,,556,79.5,0.5,0.502,9,2.008
tc<=3+range<=1.14,sbias>=0.2+tc<=5,1,0,3,3,4,near<=0.32|dist>=0.21|htfsize<=48,opp<=0.87|body<=0.64|dist>=0.21,bcl<=0.91|bars<=2|age<=6|payoff24<=2.04,,,,,484,69.2,0.5,0.5,9,2.0
tc<=3+range<=1.14,sbias>=0.2+tc<=5,1,2,3,3,4,near<=0.32|dist>=0.21|htfsize<=48,opp<=0.87|body<=0.64|dist>=0.21,bcl<=0.91|bars<=2|age<=6|payoff24<=2.04,,,,,460,65.8,0.5,0.5,9,2.0
tc<=3,sbias>=0.2+tc<=5,1,1,4,3,4,near<=0.32|range<=1.14|dist>=0.21|htfsize<=48,opp<=0.87|body<=0.64|dist>=0.21,bcl<=0.91|bars<=2|age<=6|payoff24<=2.04,0.5069,72.5,,,671,95.9,0.4993,0.4994,12,2.0
tc<=3,sbias>=0.2+tc<=5,1,0,4,3,4,near<=0.32|range<=1.14|dist>=0.21|htfsize<=48,opp<=0.87|body<=0.64|dist>=0.21,bcl<=0.91|bars<=2|age<=6|payoff24<=2.04,0.5068,73.3,,,678,96.9,0.4985,0.4972,12,1.994
tc<=3,sbias>=0.2+opp<=0.87,1,2,4,3,4,near<=0.32|range<=1.14|dist>=0.21|htfsize<=48,body<=0.64|tc<=5|dist>=0.21,bcl<=0.91|bars<=2|age<=6|payoff24<=2.04,0.5123,69.5,,,652,93.2,0.4985,0.4971,12,1.994
tc<=3,sbias>=0.2+opp<=0.87,0,2,4,3,4,near<=0.32|range<=1.14|dist>=0.21|htfsize<=48,body<=0.64|tc<=5|dist>=0.21,bcl<=0.91|bars<=2|age<=6|payoff24<=2.04,0.5091,70.8,,,665,95.1,0.4977,0.4949,12,1.988
tc<=3,sbias>=0.2,2,2,4,4,4,near<=0.32|range<=1.14|dist>=0.21|htfsize<=48,opp<=0.87|body<=0.64|tc<=5|dist>=0.21,bcl<=0.91|bars<=2|age<=6|payoff24<=2.04,,,,,637,91.1,0.4976,0.4947,10,1.988
tc<=3+dist>=0.21,sbias>=0.2+tc<=5,0,0,3,3,4,near<=0.32|range<=1.14|htfsize<=48,opp<=0.87|body<=0.64|dist>=0.21,bcl<=0.91|bars<=2|age<=6|payoff24<=2.04,,,,,569,81.3,0.4974,0.5029,8,2.011
tc<=3+dist>=0.21,sbias>=0.2+tc<=5,0,1,3,3,4,near<=0.32|range<=1.14|htfsize<=48,opp<=0.87|body<=0.64|dist>=0.21,bcl<=0.91|bars<=2|age<=6|payoff24<=2.04,,,,,565,80.8,0.4973,0.5029,9,2.011
tc<=3+dist>=0.21,sbias>=0.2+tc<=5,0,2,3,3,4,near<=0.32|range<=1.14|htfsize<=48,opp<=0.87|body<=0.64|dist>=0.21,bcl<=0.91|bars<=2|age<=6|payoff24<=2.04,,,,,541,77.3,0.4972,0.503,8,2.012
tc<=3+dist>=0.21,sbias>=0.2,1,0,3,4,4,near<=0.32|range<=1.14|htfsize<=48,opp<=0.87|body<=0.64|tc<=5|dist>=0.21,bcl<=0.91|bars<=2|age<=6|payoff24<=2.04,,,,,650,92.9,0.4969,0.5002,7,2.004
tc<=3+dist>=0.21,sbias>=0.2,1,1,3,4,4,near<=0.32|range<=1.14|htfsize<=48,opp<=0.87|body<=0.64|tc<=5|dist>=0.21,bcl<=0.91|bars<=2|age<=6|payoff24<=2.04,,,,,645,92.2,0.4961,0.4979,7,1.997
tc<=3+range<=1.14,sbias>=0.2+opp<=0.87,0,1,3,3,4,near<=0.32|dist>=0.21|htfsize<=48,body<=0.64|tc<=5|dist>=0.21,bcl<=0.91|bars<=2|age<=6|payoff24<=2.04,,,,,504,72.0,0.496,0.4881,9,1.969
tc<=3+dist>=0.21,sbias>=0.2,1,2,3,4,4,near<=0.32|range<=1.14|htfsize<=48,opp<=0.87|body<=0.64|tc<=5|dist>=0.21,bcl<=0.91|bars<=2|age<=6|payoff24<=2.04,,,,,611,87.3,0.4959,0.4978,7,1.997
tc<=3+range<=1.14,sbias>=0.2+opp<=0.87,0,2,3,3,4,near<=0.32|dist>=0.21|htfsize<=48,body<=0.64|tc<=5|dist>=0.21,bcl<=0.91|bars<=2|age<=6|payoff24<=2.04,,,,,484,69.2,0.4959,0.4876,9,1.967
tc<=3,sbias>=0.2,2,0,4,4,4,near<=0.32|range<=1.14|dist>=0.21|htfsize<=48,opp<=0.87|body<=0.64|tc<=5|dist>=0.21,bcl<=0.91|bars<=2|age<=6|payoff24<=2.04,0.5115,62.3,,,673,96.2,0.4948,0.486,10,1.965
tc<=3,sbias>=0.2,2,1,4,4,4,near<=0.32|range<=1.14|dist>=0.21|htfsize<=48,opp<=0.87|body<=0.64|tc<=5|dist>=0.21,bcl<=0.91|bars<=2|age<=6|payoff24<=2.04,0.5104,61.6,,,667,95.4,0.4948,0.4859,10,1.965
tc<=3,sbias>=0.2+opp<=0.87,2,2,4,3,4,near<=0.32|range<=1.14|dist>=0.21|htfsize<=48,body<=0.64|tc<=5|dist>=0.21,bcl<=0.91|bars<=2|age<=6|payoff24<=2.04,,,,,550,78.6,0.4945,0.4857,10,1.964
tc<=3+range<=1.14,sbias>=0.2+opp<=0.87,0,0,3,3,4,near<=0.32|dist>=0.21|htfsize<=48,body<=0.64|tc<=5|dist>=0.21,bcl<=0.91|bars<=2|age<=6|payoff24<=2.04,,,,,508,72.6,0.4941,0.4823,9,1.953
tc<=3,sbias>=0.2+tc<=5,0,2,4,3,4,near<=0.32|range<=1.14|dist>=0.21|htfsize<=48,opp<=0.87|body<=0.64|dist>=0.21,bcl<=0.91|bars<=2|age<=6|payoff24<=2.04,0.5091,70.8,,,670,95.8,0.494,0.4912,12,1.98
tc<=3,sbias>=0.2,1,2,4,4,4,near<=0.32|range<=1.14|dist>=0.21|htfsize<=48,opp<=0.87|body<=0.64|tc<=5|dist>=0.21,bcl<=0.91|bars<=2|age<=6|payoff24<=2.04,0.5123,69.5,,,758,108.4,0.4934,0.4883,12,1.971
tc<=3+range<=1.14,sbias>=0.2+tc<=5,0,1,3,3,4,near<=0.32|dist>=0.21|htfsize<=48,opp<=0.87|body<=0.64|dist>=0.21,bcl<=0.91|bars<=2|age<=6|payoff24<=2.04,,,,,513,73.3,0.4932,0.4893,9,1.973
tc<=3,sbias>=0.2+opp<=0.87,2,0,4,3,4,near<=0.32|range<=1.14|dist>=0.21|htfsize<=48,body<=0.64|tc<=5|dist>=0.21,bcl<=0.91|bars<=2|age<=6|payoff24<=2.04,0.5115,62.3,,,576,82.3,0.4931,0.4811,10,1.952
tc<=3+range<=1.14,sbias>=0.2+opp<=0.87,1,1,3,3,4,near<=0.32|dist>=0.21|htfsize<=48,body<=0.64|tc<=5|dist>=0.21,bcl<=0.91|bars<=2|age<=6|payoff24<=2.04,,,,,489,69.9,0.4928,0.4785,9,1.944
tc<=3,sbias>=0.2+opp<=0.87,1,0,4,3,4,near<=0.32|range<=1.14|dist>=0.21|htfsize<=48,body<=0.64|tc<=5|dist>=0.21,bcl<=0.91|bars<=2|age<=6|payoff24<=2.04,0.5068,73.3,,,686,98.1,0.4927,0.4797,12,1.948
tc<=3,sbias>=0.2+opp<=0.87,1,1,4,3,4,near<=0.32|range<=1.14|dist>=0.21|htfsize<=48,body<=0.64|tc<=5|dist>=0.21,bcl<=0.91|bars<=2|age<=6|payoff24<=2.04,0.5069,72.5,,,680,97.2,0.4926,0.4796,12,1.948
tc<=3+range<=1.14,sbias>=0.2+opp<=0.87,1,2,3,3,4,near<=0.32|dist>=0.21|htfsize<=48,body<=0.64|tc<=5|dist>=0.21,bcl<=0.91|bars<=2|age<=6|payoff24<=2.04,,,,,473,67.6,0.4926,0.4778,9,1.942
tc<=3,sbias>=0.2+opp<=0.87,0,0,4,3,4,near<=0.32|range<=1.14|dist>=0.21|htfsize<=48,body<=0.64|tc<=5|dist>=0.21,bcl<=0.91|bars<=2|age<=6|payoff24<=2.04,0.5029,74.8,,,701,100.2,0.4922,0.478,12,1.944
tc<=3,sbias>=0.2+opp<=0.87,0,1,4,3,4,near<=0.32|range<=1.14|dist>=0.21|htfsize<=48,body<=0.64|tc<=5|dist>=0.21,bcl<=0.91|bars<=2|age<=6|payoff24<=2.04,0.5029,73.9,,,695,99.4,0.4921,0.4779,12,1.943
tc<=3,sbias>=0.2+opp<=0.87,2,1,4,3,4,near<=0.32|range<=1.14|dist>=0.21|htfsize<=48,body<=0.64|tc<=5|dist>=0.21,bcl<=0.91|bars<=2|age<=6|payoff24<=2.04,0.5104,61.6,,,571,81.6,0.4921,0.4783,10,1.945
tc<=3+range<=1.14,sbias>=0.2+opp<=0.87,1,0,3,3,4,near<=0.32|dist>=0.21|htfsize<=48,body<=0.64|tc<=5|dist>=0.21,bcl<=0.91|bars<=2|age<=6|payoff24<=2.04,,,,,492,70.3,0.4919,0.4756,9,1.936
tc<=3+dist>=0.21,sbias>=0.2,0,0,3,4,4,near<=0.32|range<=1.14|htfsize<=48,opp<=0.87|body<=0.64|tc<=5|dist>=0.21,bcl<=0.91|bars<=2|age<=6|payoff24<=2.04,,,,,692,98.9,0.4913,0.4829,8,1.957
tc<=3+dist>=0.21,sbias>=0.2,0,2,3,4,4,near<=0.32|range<=1.14|htfsize<=48,opp<=0.87|body<=0.64|tc<=5|dist>=0.21,bcl<=0.91|bars<=2|age<=6|payoff24<=2.04,,,,,650,92.9,0.4908,0.4817,8,1.955
tc<=3+range<=1.14,sbias>=0.2+tc<=5,0,2,3,3,4,near<=0.32|dist>=0.21|htfsize<=48,opp<=0.87|body<=0.64|dist>=0.21,bcl<=0.91|bars<=2|age<=6|payoff24<=2.04,,,,,489,69.9,0.4908,0.4827,9,1.956
tc<=3+dist>=0.21,sbias>=0.2,0,1,3,4,4,near<=0.32|range<=1.14|htfsize<=48,opp<=0.87|body<=0.64|tc<=5|dist>=0.21,bcl<=0.91|bars<=2|age<=6|payoff24<=2.04,,,,,687,98.2,0.4905,0.4805,8,1.951
tc<=3+range<=1.14,sbias>=0.2+tc<=5,0,0,3,3,4,near<=0.32|dist>=0.21|htfsize<=48,opp<=0.87|body<=0.64|dist>=0.21,bcl<=0.91|bars<=2|age<=6|payoff24<=2.04,,,,,518,74.1,0.4903,0.4807,9,1.95
tc<=3,sbias>=0.2,1,0,4,4,4,near<=0.32|range<=1.14|dist>=0.21|htfsize<=48,opp<=0.87|body<=0.64|tc<=5|dist>=0.21,bcl<=0.91|bars<=2|age<=6|payoff24<=2.04,0.5068,73.3,,,810,115.8,0.4901,0.4779,12,1.944
tc<=3,sbias>=0.2+tc<=5,0,1,4,3,4,near<=0.32|range<=1.14|dist>=0.21|htfsize<=48,opp<=0.87|body<=0.64|dist>=0.21,bcl<=0.91|bars<=2|age<=6|payoff24<=2.04,0.5029,73.9,,,704,100.6,0.4901,0.4789,12,1.947
tc<=3,sbias>=0.2,1,1,4,4,4,near<=0.32|range<=1.14|dist>=0.21|htfsize<=48,opp<=0.87|body<=0.64|tc<=5|dist>=0.21,bcl<=0.91|bars<=2|age<=6|payoff24<=2.04,0.5069,72.5,,,802,114.6,0.49,0.4777,12,1.944
tc<=3,sbias>=0.2+tc<=5,0,0,4,3,4,near<=0.32|range<=1.14|dist>=0.21|htfsize<=48,opp<=0.87|body<=0.64|dist>=0.21,bcl<=0.91|bars<=2|age<=6|payoff24<=2.04,0.5029,74.8,,,711,101.6,0.4895,0.477,12,1.942
tc<=3+range<=1.14,sbias>=0.2,1,1,3,4,4,near<=0.32|dist>=0.21|htfsize<=48,opp<=0.87|body<=0.64|tc<=5|dist>=0.21,bcl<=0.91|bars<=2|age<=6|payoff24<=2.04,,,,,611,87.3,0.4894,0.4763,9,1.939
tc<=3,sbias>=0.2,0,2,4,4,4,near<=0.32|range<=1.14|dist>=0.21|htfsize<=48,opp<=0.87|body<=0.64|tc<=5|dist>=0.21,bcl<=0.91|bars<=2|age<=6|payoff24<=2.04,0.5091,70.8,,,779,111.4,0.4891,0.4751,12,1.937
tc<=3+range<=1.14,sbias>=0.2,1,0,3,4,4,near<=0.32|dist>=0.21|htfsize<=48,opp<=0.87|body<=0.64|tc<=5|dist>=0.21,bcl<=0.91|bars<=2|age<=6|payoff24<=2.04,,,,,616,88.1,0.4886,0.4741,9,1.933
tc<=3+range<=1.14,sbias>=0.2,1,2,3,4,4,near<=0.32|dist>=0.21|htfsize<=48,opp<=0.87|body<=0.64|tc<=5|dist>=0.21,bcl<=0.91|bars<=2|age<=6|payoff24<=2.04,,,,,579,82.8,0.487,0.4698,9,1.922
tc<=3+range<=1.14,sbias>=0.2,0,1,3,4,4,near<=0.32|dist>=0.21|htfsize<=48,opp<=0.87|body<=0.64|tc<=5|dist>=0.21,bcl<=0.91|bars<=2|age<=6|payoff24<=2.04,,,,,635,90.8,0.4866,0.4678,9,1.917
tc<=3,sbias>=0.2,0,0,4,4,4,near<=0.32|range<=1.14|dist>=0.21|htfsize<=48,opp<=0.87|body<=0.64|tc<=5|dist>=0.21,bcl<=0.91|bars<=2|age<=6|payoff24<=2.04,0.5029,74.8,,,834,119.2,0.4856,0.4642,12,1.909
tc<=3,sbias>=0.2,0,1,4,4,4,near<=0.32|range<=1.14|dist>=0.21|htfsize<=48,opp<=0.87|body<=0.64|tc<=5|dist>=0.21,bcl<=0.91|bars<=2|age<=6|payoff24<=2.04,0.5029,73.9,,,826,118.1,0.4855,0.4638,12,1.908
tc<=3+range<=1.14,sbias>=0.2,0,0,3,4,4,near<=0.32|dist>=0.21|htfsize<=48,opp<=0.87|body<=0.64|tc<=5|dist>=0.21,bcl<=0.91|bars<=2|age<=6|payoff24<=2.04,,,,,641,91.6,0.4852,0.4634,9,1.906
tc<=3+range<=1.14,sbias>=0.2,0,2,3,4,4,near<=0.32|dist>=0.21|htfsize<=48,opp<=0.87|body<=0.64|tc<=5|dist>=0.21,bcl<=0.91|bars<=2|age<=6|payoff24<=2.04,,,,,598,85.5,0.4849,0.4633,9,1.905
none,sbias>=0.2,3,4,5,4,4,tc<=3|near<=0.32|range<=1.14|dist>=0.21|htfsize<=48,opp<=0.87|body<=0.64|tc<=5|dist>=0.21,bcl<=0.91|bars<=2|age<=6|payoff24<=2.04,0.4727,60.2,,,449,64.2,0.4766,0.4335,8,1.832
none,sbias>=0.2,4,2,5,4,4,tc<=3|near<=0.32|range<=1.14|dist>=0.21|htfsize<=48,opp<=0.87|body<=0.64|tc<=5|dist>=0.21,bcl<=0.91|bars<=2|age<=6|payoff24<=2.04,0.4729,79.2,,,622,88.9,0.4759,0.4303,9,1.823
none,sbias>=0.2+tc<=5,4,2,5,3,4,tc<=3|near<=0.32|range<=1.14|dist>=0.21|htfsize<=48,opp<=0.87|body<=0.64|dist>=0.21,bcl<=0.91|bars<=2|age<=6|payoff24<=2.04,0.4729,79.2,,,622,88.9,0.4759,0.4303,9,1.823
none,sbias>=0.2+opp<=0.87,4,2,5,3,4,tc<=3|near<=0.32|range<=1.14|dist>=0.21|htfsize<=48,body<=0.64|tc<=5|dist>=0.21,bcl<=0.91|bars<=2|age<=6|payoff24<=2.04,0.4729,79.2,,,622,88.9,0.4759,0.4303,9,1.823
none,sbias>=0.2,4,1,5,4,4,tc<=3|near<=0.32|range<=1.14|dist>=0.21|htfsize<=48,opp<=0.87|body<=0.64|tc<=5|dist>=0.21,bcl<=0.91|bars<=2|age<=6|payoff24<=2.04,0.4712,81.9,,,642,91.8,0.4751,0.4278,9,1.817
none,sbias>=0.2+tc<=5,4,1,5,3,4,tc<=3|near<=0.32|range<=1.14|dist>=0.21|htfsize<=48,opp<=0.87|body<=0.64|dist>=0.21,bcl<=0.91|bars<=2|age<=6|payoff24<=2.04,0.4712,81.9,,,642,91.8,0.4751,0.4278,9,1.817
none,sbias>=0.2+opp<=0.87,4,1,5,3,4,tc<=3|near<=0.32|range<=1.14|dist>=0.21|htfsize<=48,body<=0.64|tc<=5|dist>=0.21,bcl<=0.91|bars<=2|age<=6|payoff24<=2.04,0.4712,81.9,,,642,91.8,0.4751,0.4278,9,1.817
none,sbias>=0.2,4,3,5,4,4,tc<=3|near<=0.32|range<=1.14|dist>=0.21|htfsize<=48,opp<=0.87|body<=0.64|tc<=5|dist>=0.21,bcl<=0.91|bars<=2|age<=6|payoff24<=2.04,0.47,66.6,,,518,74.1,0.4749,0.4278,9,1.818
none,sbias>=0.2+tc<=5,4,3,5,3,4,tc<=3|near<=0.32|range<=1.14|dist>=0.21|htfsize<=48,opp<=0.87|body<=0.64|dist>=0.21,bcl<=0.91|bars<=2|age<=6|payoff24<=2.04,0.47,66.6,,,518,74.1,0.4749,0.4278,9,1.818
none,sbias>=0.2+opp<=0.87,4,3,5,3,4,tc<=3|near<=0.32|range<=1.14|dist>=0.21|htfsize<=48,body<=0.64|tc<=5|dist>=0.21,bcl<=0.91|bars<=2|age<=6|payoff24<=2.04,0.47,66.6,,,518,74.1,0.4749,0.4278,9,1.818
tc<=3,none,3,4,4,5,4,near<=0.32|range<=1.14|dist>=0.21|htfsize<=48,sbias>=0.2|opp<=0.87|body<=0.64|tc<=5|dist>=0.21,bcl<=0.91|bars<=2|age<=6|payoff24<=2.04,,,,,476,68.0,0.4748,0.4308,9,1.827
none,sbias>=0.2,4,0,5,4,4,tc<=3|near<=0.32|range<=1.14|dist>=0.21|htfsize<=48,opp<=0.87|body<=0.64|tc<=5|dist>=0.21,bcl<=0.91|bars<=2|age<=6|payoff24<=2.04,0.4705,82.3,,,645,92.2,0.4744,0.4258,9,1.812
none,sbias>=0.2+tc<=5,4,0,5,3,4,tc<=3|near<=0.32|range<=1.14|dist>=0.21|htfsize<=48,opp<=0.87|body<=0.64|dist>=0.21,bcl<=0.91|bars<=2|age<=6|payoff24<=2.04,0.4705,82.3,,,645,92.2,0.4744,0.4258,9,1.812
none,sbias>=0.2+opp<=0.87,4,0,5,3,4,tc<=3|near<=0.32|range<=1.14|dist>=0.21|htfsize<=48,body<=0.64|tc<=5|dist>=0.21,bcl<=0.91|bars<=2|age<=6|payoff24<=2.04,0.4705,82.3,,,645,92.2,0.4744,0.4258,9,1.812
none,sbias>=0.2+tc<=5,3,4,5,3,4,tc<=3|near<=0.32|range<=1.14|dist>=0.21|htfsize<=48,opp<=0.87|body<=0.64|dist>=0.21,bcl<=0.91|bars<=2|age<=6|payoff24<=2.04,0.4727,60.2,,,437,62.5,0.4737,0.4248,8,1.811
none,sbias>=0.2+opp<=0.87,3,4,5,3,4,tc<=3|near<=0.32|range<=1.14|dist>=0.21|htfsize<=48,body<=0.64|tc<=5|dist>=0.21,bcl<=0.91|bars<=2|age<=6|payoff24<=2.04,0.4727,60.2,,,437,62.5,0.4737,0.4248,8,1.811
tc<=3,none,2,4,4,5,4,near<=0.32|range<=1.14|dist>=0.21|htfsize<=48,sbias>=0.2|opp<=0.87|body<=0.64|tc<=5|dist>=0.21,bcl<=0.91|bars<=2|age<=6|payoff24<=2.04,,,0.4364,70.8,676,96.6,0.4719,0.4281,8,1.822
tc<=3,none,3,3,4,5,4,near<=0.32|range<=1.14|dist>=0.21|htfsize<=48,sbias>=0.2|opp<=0.87|body<=0.64|tc<=5|dist>=0.21,bcl<=0.91|bars<=2|age<=6|payoff24<=2.04,,,0.4393,95.4,901,128.8,0.4661,0.4018,9,1.756
tc<=3,none,3,1,4,5,4,near<=0.32|range<=1.14|dist>=0.21|htfsize<=48,sbias>=0.2|opp<=0.87|body<=0.64|tc<=5|dist>=0.21,bcl<=0.91|bars<=2|age<=6|payoff24<=2.04,,,0.441,121.2,1135,162.3,0.4643,0.3956,10,1.741
tc<=3,none,4,3,4,5,4,near<=0.32|range<=1.14|dist>=0.21|htfsize<=48,sbias>=0.2|opp<=0.87|body<=0.64|tc<=5|dist>=0.21,bcl<=0.91|bars<=2|age<=6|payoff24<=2.04,,,,,462,66.0,0.4632,0.3928,7,1.735
none,none,3,4,5,5,4,tc<=3|near<=0.32|range<=1.14|dist>=0.21|htfsize<=48,sbias>=0.2|opp<=0.87|body<=0.64|tc<=5|dist>=0.21,bcl<=0.91|bars<=2|age<=6|payoff24<=2.04,0.4727,60.2,,,771,110.2,0.463,0.3952,10,1.741
tc<=3,none,3,0,4,5,4,near<=0.32|range<=1.14|dist>=0.21|htfsize<=48,sbias>=0.2|opp<=0.87|body<=0.64|tc<=5|dist>=0.21,bcl<=0.91|bars<=2|age<=6|payoff24<=2.04,,,0.4396,121.9,1143,163.4,0.4628,0.3911,10,1.73
tc<=3,none,3,2,4,5,4,near<=0.32|range<=1.14|dist>=0.21|htfsize<=48,sbias>=0.2|opp<=0.87|body<=0.64|tc<=5|dist>=0.21,bcl<=0.91|bars<=2|age<=6|payoff24<=2.04,,,0.4407,115.8,1090,155.8,0.4624,0.39,10,1.728
none,sbias>=0.2+tc<=5,2,4,5,3,4,tc<=3|near<=0.32|range<=1.14|dist>=0.21|htfsize<=48,opp<=0.87|body<=0.64|dist>=0.21,bcl<=0.91|bars<=2|age<=6|payoff24<=2.04,0.4587,74.5,,,542,77.5,0.4613,0.3903,8,1.729
tc<=3,none,4,1,4,5,4,near<=0.32|range<=1.14|dist>=0.21|htfsize<=48,sbias>=0.2|opp<=0.87|body<=0.64|tc<=5|dist>=0.21,bcl<=0.91|bars<=2|age<=6|payoff24<=2.04,,,0.423,62.2,560,80.1,0.4607,0.3848,7,1.716
none,sbias>=0.2+tc<=5,1,4,5,3,4,tc<=3|near<=0.32|range<=1.14|dist>=0.21|htfsize<=48,opp<=0.87|body<=0.64|dist>=0.21,bcl<=0.91|bars<=2|age<=6|payoff24<=2.04,0.4583,80.5,,,593,84.8,0.4604,0.3894,8,1.728
tc<=3+dist>=0.21,none,3,1,3,5,4,near<=0.32|range<=1.14|htfsize<=48,sbias>=0.2|opp<=0.87|body<=0.64|tc<=5|dist>=0.21,bcl<=0.91|bars<=2|age<=6|payoff24<=2.04,,,0.441,121.2,973,139.1,0.4604,0.3844,10,1.715
tc<=3+range<=1.14,none,3,1,3,5,4,near<=0.32|dist>=0.21|htfsize<=48,sbias>=0.2|opp<=0.87|body<=0.64|tc<=5|dist>=0.21,bcl<=0.91|bars<=2|age<=6|payoff24<=2.04,,,0.441,121.2,973,139.1,0.4604,0.3844,10,1.715
none,sbias>=0.2,1,4,5,4,4,tc<=3|near<=0.32|range<=1.14|dist>=0.21|htfsize<=48,opp<=0.87|body<=0.64|tc<=5|dist>=0.21,bcl<=0.91|bars<=2|age<=6|payoff24<=2.04,0.4583,80.5,,,615,87.9,0.4602,0.3885,8,1.726
none,sbias>=0.2,2,4,5,4,4,tc<=3|near<=0.32|range<=1.14|dist>=0.21|htfsize<=48,opp<=0.87|body<=0.64|tc<=5|dist>=0.21,bcl<=0.91|bars<=2|age<=6|payoff24<=2.04,0.4587,74.5,,,565,80.8,0.4602,0.3868,8,1.721
tc<=3+dist>=0.21,none,3,3,3,5,4,near<=0.32|range<=1.14|htfsize<=48,sbias>=0.2|opp<=0.87|body<=0.64|tc<=5|dist>=0.21,bcl<=0.91|bars<=2|age<=6|payoff24<=2.04,,,0.4393,95.4,774,110.6,0.4599,0.3838,8,1.714
tc<=3+range<=1.14,none,3,3,3,5,4,near<=0.32|dist>=0.21|htfsize<=48,sbias>=0.2|opp<=0.87|body<=0.64|tc<=5|dist>=0.21,bcl<=0.91|bars<=2|age<=6|payoff24<=2.04,,,0.4393,95.4,774,110.6,0.4599,0.3838,8,1.714
tc<=3+dist>=0.21,none,3,2,3,5,4,near<=0.32|range<=1.14|htfsize<=48,sbias>=0.2|opp<=0.87|body<=0.64|tc<=5|dist>=0.21,bcl<=0.91|bars<=2|age<=6|payoff24<=2.04,,,0.4407,115.8,933,133.4,0.4598,0.3827,9,1.711
tc<=3+range<=1.14,none,3,2,3,5,4,near<=0.32|dist>=0.21|htfsize<=48,sbias>=0.2|opp<=0.87|body<=0.64|tc<=5|dist>=0.21,bcl<=0.91|bars<=2|age<=6|payoff24<=2.04,,,0.4407,115.8,933,133.4,0.4598,0.3827,9,1.711
none,sbias>=0.2+opp<=0.87,2,4,5,3,4,tc<=3|near<=0.32|range<=1.14|dist>=0.21|htfsize<=48,body<=0.64|tc<=5|dist>=0.21,bcl<=0.91|bars<=2|age<=6|payoff24<=2.04,0.4587,74.5,,,546,78.1,0.4597,0.3856,8,1.719
tc<=3,none,4,0,4,5,4,near<=0.32|range<=1.14|dist>=0.21|htfsize<=48,sbias>=0.2|opp<=0.87|body<=0.64|tc<=5|dist>=0.21,bcl<=0.91|bars<=2|age<=6|payoff24<=2.04,,,0.422,62.3,562,80.3,0.4591,0.3799,7,1.705
tc<=3+range<=1.14,none,2,4,3,5,4,near<=0.32|dist>=0.21|htfsize<=48,sbias>=0.2|opp<=0.87|body<=0.64|tc<=5|dist>=0.21,bcl<=0.91|bars<=2|age<=6|payoff24<=2.04,,,0.4364,70.8,608,86.9,0.4589,0.3905,8,1.733
tc<=3,none,4,2,4,5,4,near<=0.32|range<=1.14|dist>=0.21|htfsize<=48,sbias>=0.2|opp<=0.87|body<=0.64|tc<=5|dist>=0.21,bcl<=0.91|bars<=2|age<=6|payoff24<=2.04,,,0.4218,60.3,545,77.9,0.4587,0.3789,7,1.702
tc<=3+dist>=0.21,none,3,0,3,5,4,near<=0.32|range<=1.14|htfsize<=48,sbias>=0.2|opp<=0.87|body<=0.64|tc<=5|dist>=0.21,bcl<=0.91|bars<=2|age<=6|payoff24<=2.04,,,0.4396,121.9,979,140.0,0.4586,0.379,10,1.703
tc<=3+range<=1.14,none,3,0,3,5,4,near<=0.32|dist>=0.21|htfsize<=48,sbias>=0.2|opp<=0.87|body<=0.64|tc<=5|dist>=0.21,bcl<=0.91|bars<=2|age<=6|payoff24<=2.04,,,0.4396,121.9,979,140.0,0.4586,0.379,10,1.703
tc<=3,none,1,4,4,5,4,near<=0.32|range<=1.14|dist>=0.21|htfsize<=48,sbias>=0.2|opp<=0.87|body<=0.64|tc<=5|dist>=0.21,bcl<=0.91|bars<=2|age<=6|payoff24<=2.04,,,0.4189,78.5,749,107.1,0.4579,0.3878,8,1.726
none,sbias>=0.2+tc<=5,3,3,5,3,4,tc<=3|near<=0.32|range<=1.14|dist>=0.21|htfsize<=48,opp<=0.87|body<=0.64|dist>=0.21,bcl<=0.91|bars<=2|age<=6|payoff24<=2.04,0.4534,115.1,,,857,122.5,0.4574,0.3781,11,1.701
none,sbias>=0.2+opp<=0.87,3,3,5,3,4,tc<=3|near<=0.32|range<=1.14|dist>=0.21|htfsize<=48,body<=0.64|tc<=5|dist>=0.21,bcl<=0.91|bars<=2|age<=6|payoff24<=2.04,0.4534,115.1,,,857,122.5,0.4574,0.3781,11,1.701
none,sbias>=0.2+opp<=0.87,1,4,5,3,4,tc<=3|near<=0.32|range<=1.14|dist>=0.21|htfsize<=48,body<=0.64|tc<=5|dist>=0.21,bcl<=0.91|bars<=2|age<=6|payoff24<=2.04,0.4583,80.5,,,595,85.1,0.4571,0.3797,8,1.706
none,sbias>=0.2,0,4,5,4,4,tc<=3|near<=0.32|range<=1.14|dist>=0.21|htfsize<=48,opp<=0.87|body<=0.64|tc<=5|dist>=0.21,bcl<=0.91|bars<=2|age<=6|payoff24<=2.04,0.4538,81.9,,,627,89.6,0.4561,0.3762,9,1.698
none,sbias>=0.2,3,3,5,4,4,tc<=3|near<=0.32|range<=1.14|dist>=0.21|htfsize<=48,opp<=0.87|body<=0.64|tc<=5|dist>=0.21,bcl<=0.91|bars<=2|age<=6|payoff24<=2.04,0.4534,115.1,,,906,129.5,0.4558,0.3731,12,1.69
tc<=3,none,0,4,4,5,4,near<=0.32|range<=1.14|dist>=0.21|htfsize<=48,sbias>=0.2|opp<=0.87|body<=0.64|tc<=5|dist>=0.21,bcl<=0.91|bars<=2|age<=6|payoff24<=2.04,,,0.4174,80.5,764,109.2,0.4555,0.3801,8,1.708
none,sbias>=0.2+tc<=5,0,4,5,3,4,tc<=3|near<=0.32|range<=1.14|dist>=0.21|htfsize<=48,opp<=0.87|body<=0.64|dist>=0.21,bcl<=0.91|bars<=2|age<=6|payoff24<=2.04,0.4538,81.9,,,607,86.8,0.4547,0.3722,9,1.689
tc<=3+dist>=0.21,none,2,4,3,5,4,near<=0.32|range<=1.14|htfsize<=48,sbias>=0.2|opp<=0.87|body<=0.64|tc<=5|dist>=0.21,bcl<=0.91|bars<=2|age<=6|payoff24<=2.04,,,0.4364,70.8,612,87.5,0.4542,0.3765,8,1.7
tc<=3,none,2,3,4,5,4,near<=0.32|range<=1.14|dist>=0.21|htfsize<=48,sbias>=0.2|opp<=0.87|body<=0.64|tc<=5|dist>=0.21,bcl<=0.91|bars<=2|age<=6|payoff24<=2.04,,,0.4257,143.4,1346,192.4,0.4539,0.3755,11,1.697
none,sbias>=0.2+opp<=0.87,0,4,5,3,4,tc<=3|near<=0.32|range<=1.14|dist>=0.21|htfsize<=48,body<=0.64|tc<=5|dist>=0.21,bcl<=0.91|bars<=2|age<=6|payoff24<=2.04,0.4538,81.9,,,606,86.6,0.4538,0.3695,9,1.683
none,none,4,2,5,5,4,tc<=3|near<=0.32|range<=1.14|dist>=0.21|htfsize<=48,sbias>=0.2|opp<=0.87|body<=0.64|tc<=5|dist>=0.21,bcl<=0.91|bars<=2|age<=6|payoff24<=2.04,0.4729,79.2,0.4218,60.3,976,139.5,0.4508,0.3557,11,1.65
none,none,4,3,5,5,4,tc<=3|near<=0.32|range<=1.14|dist>=0.21|htfsize<=48,sbias>=0.2|opp<=0.87|body<=0.64|tc<=5|dist>=0.21,bcl<=0.91|bars<=2|age<=6|payoff24<=2.04,0.47,66.6,,,821,117.4,0.4507,0.3558,14,1.651
none,none,4,1,5,5,4,tc<=3|near<=0.32|range<=1.14|dist>=0.21|htfsize<=48,sbias>=0.2|opp<=0.87|body<=0.64|tc<=5|dist>=0.21,bcl<=0.91|bars<=2|age<=6|payoff24<=2.04,0.4712,81.9,0.423,62.2,1008,144.1,0.4504,0.3543,11,1.647
tc<=3+dist>=0.21,none,1,4,3,5,4,near<=0.32|range<=1.14|htfsize<=48,sbias>=0.2|opp<=0.87|body<=0.64|tc<=5|dist>=0.21,bcl<=0.91|bars<=2|age<=6|payoff24<=2.04,,,0.4189,78.5,711,101.6,0.4501,0.3649,9,1.674
none,none,4,0,5,5,4,tc<=3|near<=0.32|range<=1.14|dist>=0.21|htfsize<=48,sbias>=0.2|opp<=0.87|body<=0.64|tc<=5|dist>=0.21,bcl<=0.91|bars<=2|age<=6|payoff24<=2.04,0.4705,82.3,0.422,62.3,1012,144.7,0.4496,0.3519,11,1.642
tc<=3,none,1,3,4,5,4,near<=0.32|range<=1.14|dist>=0.21|htfsize<=48,sbias>=0.2|opp<=0.87|body<=0.64|tc<=5|dist>=0.21,bcl<=0.91|bars<=2|age<=6|payoff24<=2.04,,,0.4203,166.0,1555,222.3,0.4495,0.3635,11,1.671
tc<=3+dist>=0.21,none,0,4,3,5,4,near<=0.32|range<=1.14|htfsize<=48,sbias>=0.2|opp<=0.87|body<=0.64|tc<=5|dist>=0.21,bcl<=0.91|bars<=2|age<=6|payoff24<=2.04,,,0.4174,80.5,733,104.8,0.4488,0.3608,9,1.664
none,sbias>=0.2+tc<=5,3,2,5,3,4,tc<=3|near<=0.32|range<=1.14|dist>=0.21|htfsize<=48,opp<=0.87|body<=0.64|dist>=0.21,bcl<=0.91|bars<=2|age<=6|payoff24<=2.04,0.4444,139.0,,,1040,148.7,0.4481,0.3491,14,1.636
none,sbias>=0.2+opp<=0.87,3,2,5,3,4,tc<=3|near<=0.32|range<=1.14|dist>=0.21|htfsize<=48,body<=0.64|tc<=5|dist>=0.21,bcl<=0.91|bars<=2|age<=6|payoff24<=2.04,0.4444,139.0,,,1040,148.7,0.4481,0.3491,14,1.636
none,none,2,4,5,5,4,tc<=3|near<=0.32|range<=1.14|dist>=0.21|htfsize<=48,sbias>=0.2|opp<=0.87|body<=0.64|tc<=5|dist>=0.21,bcl<=0.91|bars<=2|age<=6|payoff24<=2.04,0.4587,74.5,0.4364,70.8,1016,145.2,0.4478,0.3553,11,1.651
tc<=3+range<=1.14,none,2,3,3,5,4,near<=0.32|dist>=0.21|htfsize<=48,sbias>=0.2|opp<=0.87|body<=0.64|tc<=5|dist>=0.21,bcl<=0.91|bars<=2|age<=6|payoff24<=2.04,,,0.4257,143.4,1215,173.7,0.4477,0.3575,11,1.656
tc<=3+dist>=0.21,none,2,3,3,5,4,near<=0.32|range<=1.14|htfsize<=48,sbias>=0.2|opp<=0.87|body<=0.64|tc<=5|dist>=0.21,bcl<=0.91|bars<=2|age<=6|payoff24<=2.04,,,0.4257,143.4,1214,173.5,0.4473,0.3561,12,1.653
none,none,3,3,5,5,4,tc<=3|near<=0.32|range<=1.14|dist>=0.21|htfsize<=48,sbias>=0.2|opp<=0.87|body<=0.64|tc<=5|dist>=0.21,bcl<=0.91|bars<=2|age<=6|payoff24<=2.04,0.4534,115.1,0.4393,95.4,1472,210.4,0.447,0.3465,11,1.63
tc<=3,none,2,2,4,5,4,near<=0.32|range<=1.14|dist>=0.21|htfsize<=48,sbias>=0.2|opp<=0.87|body<=0.64|tc<=5|dist>=0.21,bcl<=0.91|bars<=2|age<=6|payoff24<=2.04,,,0.4242,176.3,1649,235.7,0.4463,0.3515,12,1.643
tc<=3+range<=1.14,none,1,4,3,5,4,near<=0.32|dist>=0.21|htfsize<=48,sbias>=0.2|opp<=0.87|body<=0.64|tc<=5|dist>=0.21,bcl<=0.91|bars<=2|age<=6|payoff24<=2.04,,,0.4189,78.5,679,97.1,0.4462,0.3541,8,1.65
none,sbias>=0.2+tc<=5,3,0,5,3,4,tc<=3|near<=0.32|range<=1.14|dist>=0.21|htfsize<=48,opp<=0.87|body<=0.64|dist>=0.21,bcl<=0.91|bars<=2|age<=6|payoff24<=2.04,0.4419,145.2,,,1085,155.1,0.4461,0.3429,14,1.622
none,sbias>=0.2+opp<=0.87,3,0,5,3,4,tc<=3|near<=0.32|range<=1.14|dist>=0.21|htfsize<=48,body<=0.64|tc<=5|dist>=0.21,bcl<=0.91|bars<=2|age<=6|payoff24<=2.04,0.4419,145.2,,,1085,155.1,0.4461,0.3429,14,1.622
none,sbias>=0.2,3,2,5,4,4,tc<=3|near<=0.32|range<=1.14|dist>=0.21|htfsize<=48,opp<=0.87|body<=0.64|tc<=5|dist>=0.21,bcl<=0.91|bars<=2|age<=6|payoff24<=2.04,0.4444,139.0,,,1111,158.8,0.4455,0.3411,15,1.618
tc<=3+dist>=0.21,none,1,3,3,5,4,near<=0.32|range<=1.14|htfsize<=48,sbias>=0.2|opp<=0.87|body<=0.64|tc<=5|dist>=0.21,bcl<=0.91|bars<=2|age<=6|payoff24<=2.04,,,0.4203,166.0,1451,207.4,0.4452,0.3517,14,1.644
tc<=3,none,2,0,4,5,4,near<=0.32|range<=1.14|dist>=0.21|htfsize<=48,sbias>=0.2|opp<=0.87|body<=0.64|tc<=5|dist>=0.21,bcl<=0.91|bars<=2|age<=6|payoff24<=2.04,0.5115,62.3,0.4229,188.3,1753,250.6,0.445,0.3466,13,1.632
none,sbias>=0.2+tc<=5,3,1,5,3,4,tc<=3|near<=0.32|range<=1.14|dist>=0.21|htfsize<=48,opp<=0.87|body<=0.64|dist>=0.21,bcl<=0.91|bars<=2|age<=6|payoff24<=2.04,0.4406,144.4,,,1079,154.2,0.4449,0.3392,14,1.614
none,sbias>=0.2+opp<=0.87,3,1,5,3,4,tc<=3|near<=0.32|range<=1.14|dist>=0.21|htfsize<=48,body<=0.64|tc<=5|dist>=0.21,bcl<=0.91|bars<=2|age<=6|payoff24<=2.04,0.4406,144.4,,,1079,154.2,0.4449,0.3392,14,1.614
none,sbias>=0.2,2,3,5,4,4,tc<=3|near<=0.32|range<=1.14|dist>=0.21|htfsize<=48,opp<=0.87|body<=0.64|tc<=5|dist>=0.21,bcl<=0.91|bars<=2|age<=6|payoff24<=2.04,0.4381,150.1,,,1210,173.0,0.4446,0.3396,15,1.615
tc<=3+range<=1.14,none,0,4,3,5,4,near<=0.32|dist>=0.21|htfsize<=48,sbias>=0.2|opp<=0.87|body<=0.64|tc<=5|dist>=0.21,bcl<=0.91|bars<=2|age<=6|payoff24<=2.04,,,0.4174,80.5,695,99.4,0.4446,0.3488,8,1.638
tc<=3,none,2,1,4,5,4,near<=0.32|range<=1.14|dist>=0.21|htfsize<=48,sbias>=0.2|opp<=0.87|body<=0.64|tc<=5|dist>=0.21,bcl<=0.91|bars<=2|age<=6|payoff24<=2.04,0.5104,61.6,0.422,187.0,1739,248.6,0.4439,0.3437,13,1.626
tc<=3,none,0,3,4,5,4,near<=0.32|range<=1.14|dist>=0.21|htfsize<=48,sbias>=0.2|opp<=0.87|body<=0.64|tc<=5|dist>=0.21,bcl<=0.91|bars<=2|age<=6|payoff24<=2.04,,,0.4143,171.8,1603,229.2,0.4435,0.3458,12,1.632
tc<=3+range<=1.14,none,2,2,3,5,4,near<=0.32|dist>=0.21|htfsize<=48,sbias>=0.2|opp<=0.87|body<=0.64|tc<=5|dist>=0.21,bcl<=0.91|bars<=2|age<=6|payoff24<=2.04,,,0.4242,176.3,1489,212.9,0.4433,0.3429,12,1.624
none,sbias>=0.2,3,0,5,4,4,tc<=3|near<=0.32|range<=1.14|dist>=0.21|htfsize<=48,opp<=0.87|body<=0.64|tc<=5|dist>=0.21,bcl<=0.91|bars<=2|age<=6|payoff24<=2.04,0.4419,145.2,,,1162,166.1,0.4432,0.3339,15,1.603
none,none,3,2,5,5,4,tc<=3|near<=0.32|range<=1.14|dist>=0.21|htfsize<=48,sbias>=0.2|opp<=0.87|body<=0.64|tc<=5|dist>=0.21,bcl<=0.91|bars<=2|age<=6|payoff24<=2.04,0.4444,139.0,0.4407,115.8,1782,254.7,0.4428,0.3328,16,1.6
tc<=3+range<=1.14,none,2,0,3,5,4,near<=0.32|dist>=0.21|htfsize<=48,sbias>=0.2|opp<=0.87|body<=0.64|tc<=5|dist>=0.21,bcl<=0.91|bars<=2|age<=6|payoff24<=2.04,,,0.4229,188.3,1583,226.3,0.4428,0.3408,12,1.619
tc<=3+range<=1.14,none,2,1,3,5,4,near<=0.32|dist>=0.21|htfsize<=48,sbias>=0.2|opp<=0.87|body<=0.64|tc<=5|dist>=0.21,bcl<=0.91|bars<=2|age<=6|payoff24<=2.04,,,0.422,187.0,1571,224.6,0.4424,0.3396,12,1.617
none,sbias>=0.2,3,1,5,4,4,tc<=3|near<=0.32|range<=1.14|dist>=0.21|htfsize<=48,opp<=0.87|body<=0.64|tc<=5|dist>=0.21,bcl<=0.91|bars<=2|age<=6|payoff24<=2.04,0.4406,144.4,,,1156,165.3,0.442,0.3305,15,1.595
tc<=3+dist>=0.21,none,2,2,3,5,4,near<=0.32|range<=1.14|htfsize<=48,sbias>=0.2|opp<=0.87|body<=0.64|tc<=5|dist>=0.21,bcl<=0.91|bars<=2|age<=6|payoff24<=2.04,,,0.4242,176.3,1479,211.4,0.4415,0.3378,12,1.613
tc<=3+dist>=0.21,none,2,0,3,5,4,near<=0.32|range<=1.14|htfsize<=48,sbias>=0.2|opp<=0.87|body<=0.64|tc<=5|dist>=0.21,bcl<=0.91|bars<=2|age<=6|payoff24<=2.04,,,0.4229,188.3,1570,224.4,0.4414,0.3367,12,1.61
none,none,4,4,5,5,4,tc<=3|near<=0.32|range<=1.14|dist>=0.21|htfsize<=48,sbias>=0.2|opp<=0.87|body<=0.64|tc<=5|dist>=0.21,bcl<=0.91|bars<=2|age<=6|payoff24<=2.04,,,,,442,63.2,0.4412,0.3306,15,1.596
tc<=3+range<=1.14,none,1,3,3,5,4,near<=0.32|dist>=0.21|htfsize<=48,sbias>=0.2|opp<=0.87|body<=0.64|tc<=5|dist>=0.21,bcl<=0.91|bars<=2|age<=6|payoff24<=2.04,,,0.4203,166.0,1412,201.9,0.4412,0.3393,11,1.617
none,none,3,0,5,5,4,tc<=3|near<=0.32|range<=1.14|dist>=0.21|htfsize<=48,sbias>=0.2|opp<=0.87|body<=0.64|tc<=5|dist>=0.21,bcl<=0.91|bars<=2|age<=6|payoff24<=2.04,0.4419,145.2,0.4396,121.9,1869,267.2,0.4409,0.327,16,1.588
none,none,3,1,5,5,4,tc<=3|near<=0.32|range<=1.14|dist>=0.21|htfsize<=48,sbias>=0.2|opp<=0.87|body<=0.64|tc<=5|dist>=0.21,bcl<=0.91|bars<=2|age<=6|payoff24<=2.04,0.4406,144.4,0.441,121.2,1858,265.6,0.4408,0.3267,16,1.587
tc<=3+dist>=0.21,none,2,1,3,5,4,near<=0.32|range<=1.14|htfsize<=48,sbias>=0.2|opp<=0.87|body<=0.64|tc<=5|dist>=0.21,bcl<=0.91|bars<=2|age<=6|payoff24<=2.04,,,0.422,187.0,1559,222.9,0.4407,0.3345,12,1.606
none,sbias>=0.2+opp<=0.87,2,3,5,3,4,tc<=3|near<=0.32|range<=1.14|dist>=0.21|htfsize<=48,body<=0.64|tc<=5|dist>=0.21,bcl<=0.91|bars<=2|age<=6|payoff24<=2.04,0.4381,150.1,,,1147,164.0,0.4403,0.3269,14,1.588
none,sbias>=0.2+tc<=5,2,3,5,3,4,tc<=3|near<=0.32|range<=1.14|dist>=0.21|htfsize<=48,opp<=0.87|body<=0.64|dist>=0.21,bcl<=0.91|bars<=2|age<=6|payoff24<=2.04,0.4381,150.1,,,1127,161.1,0.4401,0.3265,14,1.587
none,sbias>=0.2,1,3,5,4,4,tc<=3|near<=0.32|range<=1.14|dist>=0.21|htfsize<=48,opp<=0.87|body<=0.64|tc<=5|dist>=0.21,bcl<=0.91|bars<=2|age<=6|payoff24<=2.04,0.433,163.1,,,1330,190.1,0.4398,0.3326,16,1.601
tc<=3+dist>=0.21,none,0,3,3,5,4,near<=0.32|range<=1.14|htfsize<=48,sbias>=0.2|opp<=0.87|body<=0.64|tc<=5|dist>=0.21,bcl<=0.91|bars<=2|age<=6|payoff24<=2.04,,,0.4143,171.8,1513,216.3,0.4395,0.3347,14,1.607
none,none,1,4,5,5,4,tc<=3|near<=0.32|range<=1.14|dist>=0.21|htfsize<=48,sbias>=0.2|opp<=0.87|body<=0.64|tc<=5|dist>=0.21,bcl<=0.91|bars<=2|age<=6|payoff24<=2.04,0.4583,80.5,0.4189,78.5,1112,159.0,0.4388,0.3303,10,1.597
none,sbias>=0.2+tc<=5,1,3,5,3,4,tc<=3|near<=0.32|range<=1.14|dist>=0.21|htfsize<=48,opp<=0.87|body<=0.64|dist>=0.21,bcl<=0.91|bars<=2|age<=6|payoff24<=2.04,0.433,163.1,,,1254,179.3,0.4386,0.3256,15,1.586
tc<=3,none,1,2,4,5,4,near<=0.32|range<=1.14|dist>=0.21|htfsize<=48,sbias>=0.2|opp<=0.87|body<=0.64|tc<=5|dist>=0.21,bcl<=0.91|bars<=2|age<=6|payoff24<=2.04,0.5123,69.5,0.4138,209.7,1953,279.2,0.4383,0.3279,14,1.592
none,sbias>=0.2+opp<=0.87,1,3,5,3,4,tc<=3|near<=0.32|range<=1.14|dist>=0.21|htfsize<=48,body<=0.64|tc<=5|dist>=0.21,bcl<=0.91|bars<=2|age<=6|payoff24<=2.04,0.433,163.1,,,1258,179.8,0.4364,0.319,15,1.572
none,sbias>=0.2,0,3,5,4,4,tc<=3|near<=0.32|range<=1.14|dist>=0.21|htfsize<=48,opp<=0.87|body<=0.64|tc<=5|dist>=0.21,bcl<=0.91|bars<=2|age<=6|payoff24<=2.04,0.4289,166.0,,,1355,193.7,0.4362,0.3213,16,1.577
none,sbias>=0.2,2,2,5,4,4,tc<=3|near<=0.32|range<=1.14|dist>=0.21|htfsize<=48,opp<=0.87|body<=0.64|tc<=5|dist>=0.21,bcl<=0.91|bars<=2|age<=6|payoff24<=2.04,0.4301,185.1,,,1516,216.7,0.436,0.3131,11,1.558
tc<=3,none,1,0,4,5,4,near<=0.32|range<=1.14|dist>=0.21|htfsize<=48,sbias>=0.2|opp<=0.87|body<=0.64|tc<=5|dist>=0.21,bcl<=0.91|bars<=2|age<=6|payoff24<=2.04,0.5068,73.3,0.4128,225.4,2090,298.8,0.4359,0.3198,15,1.574
tc<=3+range<=1.14,none,0,3,3,5,4,near<=0.32|dist>=0.21|htfsize<=48,sbias>=0.2|opp<=0.87|body<=0.64|tc<=5|dist>=0.21,bcl<=0.91|bars<=2|age<=6|payoff24<=2.04,,,0.4143,171.8,1457,208.3,0.4358,0.3234,12,1.583
none,none,0,4,5,5,4,tc<=3|near<=0.32|range<=1.14|dist>=0.21|htfsize<=48,sbias>=0.2|opp<=0.87|body<=0.64|tc<=5|dist>=0.21,bcl<=0.91|bars<=2|age<=6|payoff24<=2.04,0.4538,81.9,0.4174,80.5,1136,162.4,0.4357,0.3207,10,1.576
tc<=3,none,1,1,4,5,4,near<=0.32|range<=1.14|dist>=0.21|htfsize<=48,sbias>=0.2|opp<=0.87|body<=0.64|tc<=5|dist>=0.21,bcl<=0.91|bars<=2|age<=6|payoff24<=2.04,0.5069,72.5,0.4119,223.9,2073,296.3,0.4351,0.3176,15,1.57
tc<=3+dist>=0.21,none,1,2,3,5,4,near<=0.32|range<=1.14|htfsize<=48,sbias>=0.2|opp<=0.87|body<=0.64|tc<=5|dist>=0.21,bcl<=0.91|bars<=2|age<=6|payoff24<=2.04,,,0.4138,209.7,1806,258.2,0.4347,0.3181,12,1.571
none,sbias>=0.2+opp<=0.87,0,3,5,3,4,tc<=3|near<=0.32|range<=1.14|dist>=0.21|htfsize<=48,body<=0.64|tc<=5|dist>=0.21,bcl<=0.91|bars<=2|age<=6|payoff24<=2.04,0.4289,166.0,,,1281,183.1,0.434,0.3117,15,1.556
tc<=3,none,0,2,4,5,4,near<=0.32|range<=1.14|dist>=0.21|htfsize<=48,sbias>=0.2|opp<=0.87|body<=0.64|tc<=5|dist>=0.21,bcl<=0.91|bars<=2|age<=6|payoff24<=2.04,0.5091,70.8,0.4092,216.6,2010,287.3,0.4338,0.3152,15,1.565
tc<=3+dist>=0.21,none,1,0,3,5,4,near<=0.32|range<=1.14|htfsize<=48,sbias>=0.2|opp<=0.87|body<=0.64|tc<=5|dist>=0.21,bcl<=0.91|bars<=2|age<=6|payoff24<=2.04,,,0.4128,225.4,1930,275.9,0.4337,0.3142,12,1.563
none,sbias>=0.2+tc<=5,0,3,5,3,4,tc<=3|near<=0.32|range<=1.14|dist>=0.21|htfsize<=48,opp<=0.87|body<=0.64|dist>=0.21,bcl<=0.91|bars<=2|age<=6|payoff24<=2.04,0.4289,166.0,,,1287,184.0,0.4336,0.3142,15,1.562
none,sbias>=0.2,2,0,5,4,4,tc<=3|near<=0.32|range<=1.14|dist>=0.21|htfsize<=48,opp<=0.87|body<=0.64|tc<=5|dist>=0.21,bcl<=0.91|bars<=2|age<=6|payoff24<=2.04,0.4282,194.0,,,1594,227.9,0.4335,0.3053,13,1.542
none,sbias>=0.2,2,1,5,4,4,tc<=3|near<=0.32|range<=1.14|dist>=0.21|htfsize<=48,opp<=0.87|body<=0.64|tc<=5|dist>=0.21,bcl<=0.91|bars<=2|age<=6|payoff24<=2.04,0.4276,192.6,,,1583,226.3,0.4334,0.3049,13,1.541
tc<=3+dist>=0.21,none,1,1,3,5,4,near<=0.32|range<=1.14|htfsize<=48,sbias>=0.2|opp<=0.87|body<=0.64|tc<=5|dist>=0.21,bcl<=0.91|bars<=2|age<=6|payoff24<=2.04,,,0.4119,223.9,1916,273.9,0.4327,0.3113,12,1.557
none,sbias>=0.2+tc<=5,2,2,5,3,4,tc<=3|near<=0.32|range<=1.14|dist>=0.21|htfsize<=48,opp<=0.87|body<=0.64|dist>=0.21,bcl<=0.91|bars<=2|age<=6|payoff24<=2.04,0.4301,185.1,,,1402,200.4,0.4322,0.3022,12,1.536
none,none,2,3,5,5,4,tc<=3|near<=0.32|range<=1.14|dist>=0.21|htfsize<=48,sbias>=0.2|opp<=0.87|body<=0.64|tc<=5|dist>=0.21,bcl<=0.91|bars<=2|age<=6|payoff24<=2.04,0.4381,150.1,0.4257,143.4,2053,293.5,0.4321,0.308,14,1.548
tc<=3,none,0,0,4,5,4,near<=0.32|range<=1.14|dist>=0.21|htfsize<=48,sbias>=0.2|opp<=0.87|body<=0.64|tc<=5|dist>=0.21,bcl<=0.91|bars<=2|age<=6|payoff24<=2.04,0.5029,74.8,0.4085,232.7,2151,307.5,0.4314,0.307,16,1.548
none,sbias>=0.2+opp<=0.87,2,2,5,3,4,tc<=3|near<=0.32|range<=1.14|dist>=0.21|htfsize<=48,body<=0.64|tc<=5|dist>=0.21,bcl<=0.91|bars<=2|age<=6|payoff24<=2.04,0.4301,185.1,,,1429,204.3,0.4311,0.2986,11,1.528
none,sbias>=0.2+tc<=5,2,0,5,3,4,tc<=3|near<=0.32|range<=1.14|dist>=0.21|htfsize<=48,opp<=0.87|body<=0.64|dist>=0.21,bcl<=0.91|bars<=2|age<=6|payoff24<=2.04,0.4282,194.0,,,1469,210.0,0.4309,0.298,13,1.527
tc<=3+range<=1.14,none,1,2,3,5,4,near<=0.32|dist>=0.21|htfsize<=48,sbias>=0.2|opp<=0.87|body<=0.64|tc<=5|dist>=0.21,bcl<=0.91|bars<=2|age<=6|payoff24<=2.04,,,0.4138,209.7,1774,253.6,0.4307,0.3057,12,1.545
tc<=3,none,0,1,4,5,4,near<=0.32|range<=1.14|dist>=0.21|htfsize<=48,sbias>=0.2|opp<=0.87|body<=0.64|tc<=5|dist>=0.21,bcl<=0.91|bars<=2|age<=6|payoff24<=2.04,0.5029,73.9,0.4075,231.2,2134,305.1,0.4306,0.3048,16,1.543
tc<=3+dist>=0.21,none,0,2,3,5,4,near<=0.32|range<=1.14|htfsize<=48,sbias>=0.2|opp<=0.87|body<=0.64|tc<=5|dist>=0.21,bcl<=0.91|bars<=2|age<=6|payoff24<=2.04,,,0.4092,216.6,1881,268.9,0.4306,0.3065,12,1.547
none,sbias>=0.2+tc<=5,2,1,5,3,4,tc<=3|near<=0.32|range<=1.14|dist>=0.21|htfsize<=48,opp<=0.87|body<=0.64|dist>=0.21,bcl<=0.91|bars<=2|age<=6|payoff24<=2.04,0.4276,192.6,,,1459,208.6,0.4304,0.2966,13,1.524
tc<=3+range<=1.14,none,1,0,3,5,4,near<=0.32|dist>=0.21|htfsize<=48,sbias>=0.2|opp<=0.87|body<=0.64|tc<=5|dist>=0.21,bcl<=0.91|bars<=2|age<=6|payoff24<=2.04,,,0.4128,225.4,1896,271.0,0.4299,0.3024,12,1.537
tc<=3+dist>=0.21,none,0,0,3,5,4,near<=0.32|range<=1.14|htfsize<=48,sbias>=0.2|opp<=0.87|body<=0.64|tc<=5|dist>=0.21,bcl<=0.91|bars<=2|age<=6|payoff24<=2.04,,,0.4085,232.7,2009,287.2,0.4296,0.3024,12,1.538
tc<=3+range<=1.14,none,1,1,3,5,4,near<=0.32|dist>=0.21|htfsize<=48,sbias>=0.2|opp<=0.87|body<=0.64|tc<=5|dist>=0.21,bcl<=0.91|bars<=2|age<=6|payoff24<=2.04,,,0.4119,223.9,1882,269.0,0.4293,0.3009,12,1.534
none,sbias>=0.2+opp<=0.87,2,0,5,3,4,tc<=3|near<=0.32|range<=1.14|dist>=0.21|htfsize<=48,body<=0.64|tc<=5|dist>=0.21,bcl<=0.91|bars<=2|age<=6|payoff24<=2.04,0.4282,194.0,,,1497,214.0,0.4289,0.2917,12,1.514
none,sbias>=0.2,1,2,5,4,4,tc<=3|near<=0.32|range<=1.14|dist>=0.21|htfsize<=48,opp<=0.87|body<=0.64|tc<=5|dist>=0.21,bcl<=0.91|bars<=2|age<=6|payoff24<=2.04,0.4229,203.1,,,1693,242.0,0.4288,0.2979,15,1.527
tc<=3+dist>=0.21,none,0,1,3,5,4,near<=0.32|range<=1.14|htfsize<=48,sbias>=0.2|opp<=0.87|body<=0.64|tc<=5|dist>=0.21,bcl<=0.91|bars<=2|age<=6|payoff24<=2.04,,,0.4075,231.2,1995,285.2,0.4286,0.2995,12,1.532
none,sbias>=0.2+opp<=0.87,2,1,5,3,4,tc<=3|near<=0.32|range<=1.14|dist>=0.21|htfsize<=48,body<=0.64|tc<=5|dist>=0.21,bcl<=0.91|bars<=2|age<=6|payoff24<=2.04,0.4276,192.6,,,1487,212.6,0.4284,0.2903,13,1.511
none,sbias>=0.2+tc<=5,1,2,5,3,4,tc<=3|near<=0.32|range<=1.14|dist>=0.21|htfsize<=48,opp<=0.87|body<=0.64|dist>=0.21,bcl<=0.91|bars<=2|age<=6|payoff24<=2.04,0.4229,203.1,,,1574,225.0,0.4282,0.2937,13,1.519
none,sbias>=0.2,1,0,5,4,4,tc<=3|near<=0.32|range<=1.14|dist>=0.21|htfsize<=48,opp<=0.87|body<=0.64|tc<=5|dist>=0.21,bcl<=0.91|bars<=2|age<=6|payoff24<=2.04,0.4207,213.7,,,1792,256.2,0.4275,0.2931,16,1.517
none,none,2,2,5,5,4,tc<=3|near<=0.32|range<=1.14|dist>=0.21|htfsize<=48,sbias>=0.2|opp<=0.87|body<=0.64|tc<=5|dist>=0.21,bcl<=0.91|bars<=2|age<=6|payoff24<=2.04,0.4301,185.1,0.4242,176.3,2528,361.4,0.4272,0.2924,16,1.516
none,sbias>=0.2,1,1,5,4,4,tc<=3|near<=0.32|range<=1.14|dist>=0.21|htfsize<=48,opp<=0.87|body<=0.64|tc<=5|dist>=0.21,bcl<=0.91|bars<=2|age<=6|payoff24<=2.04,0.4205,212.1,,,1779,254.3,0.4272,0.2925,17,1.516
tc<=3+range<=1.14,none,0,2,3,5,4,near<=0.32|dist>=0.21|htfsize<=48,sbias>=0.2|opp<=0.87|body<=0.64|tc<=5|dist>=0.21,bcl<=0.91|bars<=2|age<=6|payoff24<=2.04,,,0.4092,216.6,1829,261.5,0.427,0.2954,12,1.524
none,none,1,3,5,5,4,tc<=3|near<=0.32|range<=1.14|dist>=0.21|htfsize<=48,sbias>=0.2|opp<=0.87|body<=0.64|tc<=5|dist>=0.21,bcl<=0.91|bars<=2|age<=6|payoff24<=2.04,0.433,163.1,0.4203,166.0,2302,329.1,0.4266,0.2947,16,1.522
none,sbias>=0.2+opp<=0.87,1,2,5,3,4,tc<=3|near<=0.32|range<=1.14|dist>=0.21|htfsize<=48,body<=0.64|tc<=5|dist>=0.21,bcl<=0.91|bars<=2|age<=6|payoff24<=2.04,0.4229,203.1,,,1587,226.9,0.4266,0.2888,13,1.508
none,sbias>=0.2,0,2,5,4,4,tc<=3|near<=0.32|range<=1.14|dist>=0.21|htfsize<=48,opp<=0.87|body<=0.64|tc<=5|dist>=0.21,bcl<=0.91|bars<=2|age<=6|payoff24<=2.04,0.4205,206.7,,,1730,247.3,0.426,0.2892,16,1.509
none,sbias>=0.2+tc<=5,1,1,5,3,4,tc<=3|near<=0.32|range<=1.14|dist>=0.21|htfsize<=48,opp<=0.87|body<=0.64|dist>=0.21,bcl<=0.91|bars<=2|age<=6|payoff24<=2.04,0.4205,212.1,,,1648,235.6,0.426,0.2866,14,1.504
none,sbias>=0.2+tc<=5,1,0,5,3,4,tc<=3|near<=0.32|range<=1.14|dist>=0.21|htfsize<=48,opp<=0.87|body<=0.64|dist>=0.21,bcl<=0.91|bars<=2|age<=6|payoff24<=2.04,0.4207,213.7,,,1660,237.3,0.4259,0.2863,15,1.503
tc<=3+range<=1.14,none,0,0,3,5,4,near<=0.32|dist>=0.21|htfsize<=48,sbias>=0.2|opp<=0.87|body<=0.64|tc<=5|dist>=0.21,bcl<=0.91|bars<=2|age<=6|payoff24<=2.04,,,0.4085,232.7,1958,279.9,0.4259,0.2913,13,1.515
none,none,2,0,5,5,4,tc<=3|near<=0.32|range<=1.14|dist>=0.21|htfsize<=48,sbias>=0.2|opp<=0.87|body<=0.64|tc<=5|dist>=0.21,bcl<=0.91|bars<=2|age<=6|payoff24<=2.04,0.4282,194.0,0.4229,188.3,2674,382.3,0.4256,0.2869,17,1.505
tc<=3+range<=1.14,none,0,1,3,5,4,near<=0.32|dist>=0.21|htfsize<=48,sbias>=0.2|opp<=0.87|body<=0.64|tc<=5|dist>=0.21,bcl<=0.91|bars<=2|age<=6|payoff24<=2.04,,,0.4075,231.2,1943,277.8,0.4256,0.2904,13,1.513
none,sbias>=0.2,0,0,5,4,4,tc<=3|near<=0.32|range<=1.14|dist>=0.21|htfsize<=48,opp<=0.87|body<=0.64|tc<=5|dist>=0.21,bcl<=0.91|bars<=2|age<=6|payoff24<=2.04,0.4189,217.7,,,1834,262.2,0.4253,0.2864,18,1.504
none,sbias>=0.2+opp<=0.87,0,2,5,3,4,tc<=3|near<=0.32|range<=1.14|dist>=0.21|htfsize<=48,body<=0.64|tc<=5|dist>=0.21,bcl<=0.91|bars<=2|age<=6|payoff24<=2.04,0.4205,206.7,,,1616,231.0,0.4251,0.2842,14,1.499
none,sbias>=0.2,0,1,5,4,4,tc<=3|near<=0.32|range<=1.14|dist>=0.21|htfsize<=48,opp<=0.87|body<=0.64|tc<=5|dist>=0.21,bcl<=0.91|bars<=2|age<=6|payoff24<=2.04,0.4187,216.1,,,1821,260.3,0.425,0.2857,17,1.502
none,none,2,1,5,5,4,tc<=3|near<=0.32|range<=1.14|dist>=0.21|htfsize<=48,sbias>=0.2|opp<=0.87|body<=0.64|tc<=5|dist>=0.21,bcl<=0.91|bars<=2|age<=6|payoff24<=2.04,0.4276,192.6,0.422,187.0,2655,379.5,0.4249,0.2848,17,1.5
none,sbias>=0.2+opp<=0.87,1,0,5,3,4,tc<=3|near<=0.32|range<=1.14|dist>=0.21|htfsize<=48,body<=0.64|tc<=5|dist>=0.21,bcl<=0.91|bars<=2|age<=6|payoff24<=2.04,0.4207,213.7,,,1668,238.4,0.4239,0.2801,14,1.491
none,sbias>=0.2+tc<=5,0,2,5,3,4,tc<=3|near<=0.32|range<=1.14|dist>=0.21|htfsize<=48,opp<=0.87|body<=0.64|dist>=0.21,bcl<=0.91|bars<=2|age<=6|payoff24<=2.04,0.4205,206.7,,,1621,231.7,0.4238,0.2833,14,1.497
none,sbias>=0.2+opp<=0.87,1,1,5,3,4,tc<=3|near<=0.32|range<=1.14|dist>=0.21|htfsize<=48,body<=0.64|tc<=5|dist>=0.21,bcl<=0.91|bars<=2|age<=6|payoff24<=2.04,0.4205,212.1,,,1657,236.9,0.4237,0.2796,15,1.49
none,sbias>=0.2+opp<=0.87,0,0,5,3,4,tc<=3|near<=0.32|range<=1.14|dist>=0.21|htfsize<=48,body<=0.64|tc<=5|dist>=0.21,bcl<=0.91|bars<=2|age<=6|payoff24<=2.04,0.4189,217.7,,,1701,243.2,0.4233,0.2782,15,1.487
none,sbias>=0.2+opp<=0.87,0,1,5,3,4,tc<=3|near<=0.32|range<=1.14|dist>=0.21|htfsize<=48,body<=0.64|tc<=5|dist>=0.21,bcl<=0.91|bars<=2|age<=6|payoff24<=2.04,0.4187,216.1,,,1690,241.6,0.4231,0.2777,16,1.486
none,sbias>=0.2+tc<=5,0,0,5,3,4,tc<=3|near<=0.32|range<=1.14|dist>=0.21|htfsize<=48,opp<=0.87|body<=0.64|dist>=0.21,bcl<=0.91|bars<=2|age<=6|payoff24<=2.04,0.4189,217.7,,,1711,244.6,0.4226,0.2789,16,1.488
none,sbias>=0.2+tc<=5,0,1,5,3,4,tc<=3|near<=0.32|range<=1.14|dist>=0.21|htfsize<=48,opp<=0.87|body<=0.64|dist>=0.21,bcl<=0.91|bars<=2|age<=6|payoff24<=2.04,0.4187,216.1,,,1699,242.9,0.4226,0.2792,15,1.489
none,none,0,3,5,5,4,tc<=3|near<=0.32|range<=1.14|dist>=0.21|htfsize<=48,sbias>=0.2|opp<=0.87|body<=0.64|tc<=5|dist>=0.21,bcl<=0.91|bars<=2|age<=6|payoff24<=2.04,0.4289,166.0,0.4143,171.8,2363,337.8,0.4215,0.2796,17,1.49
none,none,1,2,5,5,4,tc<=3|near<=0.32|range<=1.14|dist>=0.21|htfsize<=48,sbias>=0.2|opp<=0.87|body<=0.64|tc<=5|dist>=0.21,bcl<=0.91|bars<=2|age<=6|payoff24<=2.04,0.4229,203.1,0.4138,209.7,2888,412.9,0.4183,0.2682,14,1.467
none,none,1,0,5,5,4,tc<=3|near<=0.32|range<=1.14|dist>=0.21|htfsize<=48,sbias>=0.2|opp<=0.87|body<=0.64|tc<=5|dist>=0.21,bcl<=0.91|bars<=2|age<=6|payoff24<=2.04,0.4207,213.7,0.4128,225.4,3072,439.2,0.4167,0.2626,14,1.456
none,none,1,1,5,5,4,tc<=3|near<=0.32|range<=1.14|dist>=0.21|htfsize<=48,sbias>=0.2|opp<=0.87|body<=0.64|tc<=5|dist>=0.21,bcl<=0.91|bars<=2|age<=6|payoff24<=2.04,0.4205,212.1,0.4119,223.9,3050,436.0,0.4161,0.2609,14,1.453
none,none,0,2,5,5,4,tc<=3|near<=0.32|range<=1.14|dist>=0.21|htfsize<=48,sbias>=0.2|opp<=0.87|body<=0.64|tc<=5|dist>=0.21,bcl<=0.91|bars<=2|age<=6|payoff24<=2.04,0.4205,206.7,0.4092,216.6,2961,423.3,0.4147,0.2579,14,1.447
none,none,0,0,5,5,4,tc<=3|near<=0.32|range<=1.14|dist>=0.21|htfsize<=48,sbias>=0.2|opp<=0.87|body<=0.64|tc<=5|dist>=0.21,bcl<=0.91|bars<=2|age<=6|payoff24<=2.04,0.4189,217.7,0.4085,232.7,3151,450.5,0.4135,0.2534,14,1.438
none,none,0,1,5,5,4,tc<=3|near<=0.32|range<=1.14|dist>=0.21|htfsize<=48,sbias>=0.2|opp<=0.87|body<=0.64|tc<=5|dist>=0.21,bcl<=0.91|bars<=2|age<=6|payoff24<=2.04,0.4187,216.1,0.4075,231.2,3129,447.3,0.4129,0.2517,14,1.435
