seed,sl_model,rr_multiple,sym_filter,window,n_feature_gates,gates,n_trades,trades_per_year,win_pct,sl_pct,timeout_pct,expectancy_r,max_losing_streak,profit_factor
ATR1_H8,SL_ATR_1_0,2.0,jpy_pairs,h12-14(3h),1,break_close_location<=0.921 & sym:jpy_pairs & win:h12-14(3h),717,102.5,0.3933,0.6039,0.0028,0.1837,9,1.304
ATR1_H8,SL_ATR_1_0,2.0,jpy_pairs,h13-15(3h),1,break_close_location<=0.921 & sym:jpy_pairs & win:h13-15(3h),721,103.1,0.387,0.6117,0.0014,0.1634,11,1.267
ATR1_H8,SL_ATR_1_0,2.0,jpy_pairs,h12-15(4h),1,break_close_location<=0.921 & sym:jpy_pairs & win:h12-15(4h),929,132.8,0.3864,0.6114,0.0022,0.1622,12,1.265
ATR1_H8,SL_ATR_1_0,2.0,ALL,h08,1,break_close_location<=0.921 & win:h08,740,105.8,0.3797,0.6203,0.0,0.1392,15,1.224
SIG_CANDLE,SL_SIGNAL_CANDLE,2.0,jpy_pairs,h12-14(3h),0,sym:jpy_pairs & win:h12-14(3h),945,135.1,0.3757,0.6085,0.0159,0.1579,16,1.259
ATR1_H8,SL_ATR_1_0,2.0,nzd_bloc,h06-09(4h),1,break_close_location<=0.921 & sym:nzd_bloc & win:h06-09(4h),727,103.9,0.3728,0.6272,0.0,0.1183,17,1.189
ATR1_H8,SL_ATR_1_0,2.0,nzd_bloc,h08-11(4h),1,break_close_location<=0.921 & sym:nzd_bloc & win:h08-11(4h),705,100.8,0.366,0.634,0.0,0.0979,13,1.154
ATR1_H8,SL_ATR_1_0,2.0,jpy_pairs,h06-09(4h),1,break_close_location<=0.921 & sym:jpy_pairs & win:h06-09(4h),853,121.9,0.3658,0.6342,0.0,0.0973,15,1.153
ATR1_H8,SL_ATR_1_0,2.0,jpy_pairs,h06-08(3h),0,sym:jpy_pairs & win:h06-08(3h),813,116.2,0.3653,0.6347,0.0,0.0959,14,1.151
ATR1_H8,SL_ATR_1_0,2.0,high_vol,h12-15(4h),1,break_close_location<=0.921 & sym:high_vol & win:h12-15(4h),847,121.1,0.3648,0.634,0.0012,0.0955,13,1.151
ATR1_H8,SL_ATR_1_0,2.0,nzd_bloc,h07-09(3h),0,sym:nzd_bloc & win:h07-09(3h),716,102.4,0.3645,0.6355,0.0,0.0936,17,1.147
SIG_CANDLE,SL_SIGNAL_CANDLE,2.0,jpy_pairs,h12-15(4h),0,sym:jpy_pairs & win:h12-15(4h),1219,174.3,0.3642,0.6218,0.0139,0.1198,18,1.193
SIG_CANDLE,SL_SIGNAL_CANDLE,2.0,jpy_pairs,h13-15(3h),0,sym:jpy_pairs & win:h13-15(3h),928,132.7,0.3642,0.6239,0.0119,0.1154,13,1.185
ATR1_H8,SL_ATR_1_0,2.0,nzd_bloc,london,1,break_close_location<=0.921 & sym:nzd_bloc & win:london,1071,153.1,0.3632,0.6368,0.0,0.0896,16,1.141
ATR1_H8,SL_ATR_1_0,2.0,high_vol,h12-14(3h),0,sym:high_vol & win:h12-14(3h),863,123.4,0.3627,0.6362,0.0012,0.0891,10,1.14
ATR1_H8,SL_ATR_1_0,2.0,jpy_pairs,h07-09(3h),0,sym:jpy_pairs & win:h07-09(3h),828,118.4,0.3623,0.6377,0.0,0.087,16,1.136
ATR1_H8,SL_ATR_1_0,2.0,ALL,h07-08,1,break_close_location<=0.921 & win:h07-08,1569,224.3,0.362,0.638,0.0,0.086,18,1.135
ATR1_H8,SL_ATR_1_0,2.0,jpy_pairs,ny,1,break_close_location<=0.921 & sym:jpy_pairs & win:ny,1286,183.8,0.3616,0.6369,0.0016,0.0869,13,1.136
ATR1_H8,SL_ATR_1_0,2.0,high_vol,h06-09(4h),1,break_close_location<=0.921 & sym:high_vol & win:h06-09(4h),782,111.8,0.3606,0.6394,0.0,0.0818,13,1.128
AOI_FAR,SL_AOI_FAR,2.0,eur_pairs,h23-01(3h),0,sym:eur_pairs & win:h23-01(3h),781,111.6,0.3598,0.6172,0.023,0.1182,13,1.191
ATR1_H8,SL_ATR_1_0,2.0,high_vol,h13-15(3h),0,sym:high_vol & win:h13-15(3h),845,120.8,0.3574,0.6426,0.0,0.0722,15,1.112
AOI_FAR,SL_AOI_FAR,2.0,eur_pairs,h00-02(3h),0,sym:eur_pairs & win:h00-02(3h),776,110.9,0.357,0.6211,0.0219,0.1094,14,1.176
ATR1_H8,SL_ATR_1_0,2.0,jpy_pairs,london_ny,1,break_close_location<=0.921 & sym:jpy_pairs & win:london_ny,2539,363.0,0.3568,0.6424,0.0008,0.0716,23,1.111
ATR1_H8,SL_ATR_1_0,2.0,eur_pairs,asia,1,break_close_location<=0.921 & sym:eur_pairs & win:asia,1007,144.0,0.3565,0.6435,0.0,0.0695,19,1.108
ATR1_H8,SL_ATR_1_0,2.0,ALL,h08-09,1,break_close_location<=0.921 & win:h08-09,1527,218.3,0.3563,0.6437,0.0,0.0688,17,1.107
ATR1_H8,SL_ATR_1_0,2.0,eur_pairs,h23-01(3h),0,sym:eur_pairs & win:h23-01(3h),781,111.6,0.356,0.644,0.0,0.0679,12,1.105
ATR1_H8,SL_ATR_1_0,2.0,high_vol,h07-09(3h),0,sym:high_vol & win:h07-09(3h),778,111.2,0.356,0.644,0.0,0.0681,10,1.106
ATR1_H8,SL_ATR_1_0,2.0,jpy_pairs,h11-13(3h),0,sym:jpy_pairs & win:h11-13(3h),841,120.2,0.3555,0.6421,0.0024,0.0698,17,1.109
ATR1_H8,SL_ATR_1_0,2.0,high_vol,h08-11(4h),1,break_close_location<=0.921 & sym:high_vol & win:h08-11(4h),782,111.8,0.3555,0.6445,0.0,0.0665,11,1.103
ATR1_H8,SL_ATR_1_0,2.0,jpy_pairs,h10-13(4h),1,break_close_location<=0.921 & sym:jpy_pairs & win:h10-13(4h),847,121.1,0.3554,0.6423,0.0024,0.0693,15,1.108
ATR1_H8,SL_ATR_1_0,2.0,nzd_bloc,h08-10(3h),0,sym:nzd_bloc & win:h08-10(3h),735,105.1,0.3551,0.6449,0.0,0.0653,17,1.101
ATR1_H8,SL_ATR_1_0,2.0,ALL,h01,1,break_close_location<=0.921 & win:h01,859,122.8,0.3551,0.6449,0.0,0.0652,12,1.101
ATR1_H8,SL_ATR_1_0,2.0,ALL,h22,1,break_close_location<=0.921 & win:h22,835,119.4,0.3545,0.6455,0.0,0.0635,10,1.098
ATR1_H8,SL_ATR_1_0,2.0,jpy_pairs,h14-16(3h),0,sym:jpy_pairs & win:h14-16(3h),855,122.2,0.3544,0.6456,0.0,0.0632,12,1.098
ATR1_H8,SL_ATR_1_0,2.0,gbp_pairs,h13-15(3h),1,break_close_location<=0.921 & sym:gbp_pairs & win:h13-15(3h),758,108.4,0.3536,0.6464,0.0,0.0607,17,1.094
AOI_FAR,SL_AOI_FAR,2.0,eur_pairs,h01-03(3h),0,sym:eur_pairs & win:h01-03(3h),710,101.5,0.3535,0.6239,0.0225,0.0986,18,1.158
ATR1_H8,SL_ATR_1_0,2.0,gbp_pairs,h04-07(4h),1,break_close_location<=0.921 & sym:gbp_pairs & win:h04-07(4h),753,107.6,0.3533,0.6467,0.0,0.0598,12,1.092
ATR1_H8,SL_ATR_1_0,2.0,eur_pairs,h00-03(4h),1,break_close_location<=0.921 & sym:eur_pairs & win:h00-03(4h),739,105.6,0.3532,0.6468,0.0,0.0595,16,1.092
AOI_FAR,SL_AOI_FAR,2.0,eur_pairs,asia,0,sym:eur_pairs & win:asia,1368,195.6,0.3531,0.625,0.0219,0.0965,20,1.154
ATR1_H8,SL_ATR_1_0,2.0,ALL,h07-09(3h),1,break_close_location<=0.921 & win:h07-09(3h),2356,336.8,0.3527,0.6473,0.0,0.0581,22,1.09
ATR1_H8,SL_ATR_1_0,2.0,gbp_pairs,h12-14(3h),1,break_close_location<=0.921 & sym:gbp_pairs & win:h12-14(3h),741,105.9,0.3522,0.6478,0.0,0.0567,15,1.087
ATR1_H8,SL_ATR_1_0,2.0,aud_bloc,h12-15(4h),1,break_close_location<=0.921 & sym:aud_bloc & win:h12-15(4h),761,108.8,0.3522,0.6478,0.0,0.0565,16,1.087
ATR1_H8,SL_ATR_1_0,2.0,jpy_pairs,london,1,break_close_location<=0.921 & sym:jpy_pairs & win:london,1253,179.1,0.352,0.648,0.0,0.0559,24,1.086
SIG_CANDLE,SL_SIGNAL_CANDLE,2.0,nzd_bloc,h07-09(3h),0,sym:nzd_bloc & win:h07-09(3h),716,102.4,0.352,0.6383,0.0098,0.0715,13,1.112
SIG_CANDLE,SL_SIGNAL_CANDLE,2.0,jpy_pairs,h06-08(3h),0,sym:jpy_pairs & win:h06-08(3h),813,116.2,0.3518,0.6359,0.0123,0.0754,12,1.118
ATR1_H8,SL_ATR_1_0,2.0,jpy_pairs,h01-03(3h),0,sym:jpy_pairs & win:h01-03(3h),796,113.8,0.3518,0.6482,0.0,0.0553,14,1.085
AOI_FAR,SL_AOI_FAR,2.0,ALL,asia,1,bearish_aoi_midpoint>=0.545 & win:asia,802,114.6,0.3516,0.6247,0.0237,0.0915,17,1.146
SIG_CANDLE,SL_SIGNAL_CANDLE,2.0,jpy_pairs,h14-16(3h),0,sym:jpy_pairs & win:h14-16(3h),855,122.2,0.3509,0.6398,0.0094,0.0701,12,1.11
SIG_CANDLE,SL_SIGNAL_CANDLE,2.0,jpy_pairs,h02-05(4h),0,sym:jpy_pairs & win:h02-05(4h),941,134.5,0.3507,0.644,0.0053,0.0606,16,1.094
ATR1_H8,SL_ATR_1_0,2.0,ALL,h13,1,break_close_location<=0.921 & win:h13,913,130.5,0.3505,0.6484,0.0011,0.0535,22,1.082
ATR1_H8,SL_ATR_1_0,2.0,eur_pairs,h00-02(3h),0,sym:eur_pairs & win:h00-02(3h),776,110.9,0.3505,0.6495,0.0,0.0515,15,1.079
SIG_CANDLE,SL_SIGNAL_CANDLE,2.0,jpy_pairs,h01-03(3h),0,sym:jpy_pairs & win:h01-03(3h),796,113.8,0.3505,0.647,0.0025,0.0555,11,1.086
ATR1_H8,SL_ATR_1_0,2.0,jpy_pairs,h00-03(4h),1,break_close_location<=0.921 & sym:jpy_pairs & win:h00-03(4h),842,120.4,0.3504,0.6496,0.0,0.0511,14,1.079
ATR1_H8,SL_ATR_1_0,2.0,high_vol,h06-08(3h),0,sym:high_vol & win:h06-08(3h),765,109.4,0.3503,0.6497,0.0,0.051,13,1.078
ATR1_H8,SL_ATR_1_0,2.0,eur_pairs,h12-15(4h),1,break_close_location<=0.921 & sym:eur_pairs & win:h12-15(4h),897,128.2,0.3501,0.6477,0.0022,0.0527,11,1.081
SIG_CANDLE,SL_SIGNAL_CANDLE,2.0,jpy_pairs,h04-07(4h),0,sym:jpy_pairs & win:h04-07(4h),1007,144.0,0.3496,0.6415,0.0089,0.0629,15,1.098
ATR1_H8,SL_ATR_1_0,2.0,gbp_pairs,h12-15(4h),1,break_close_location<=0.921 & sym:gbp_pairs & win:h12-15(4h),961,137.4,0.3496,0.6504,0.0,0.0489,14,1.075
ATR1_H8,SL_ATR_1_0,2.0,ALL,h13-14,1,break_close_location<=0.921 & win:h13-14,1860,265.9,0.3495,0.65,0.0005,0.0494,15,1.076
ATR1_H8,SL_ATR_1_0,2.0,jpy_pairs,h04-07(4h),1,break_close_location<=0.921 & sym:jpy_pairs & win:h04-07(4h),773,110.5,0.3493,0.6507,0.0,0.0479,16,1.074
AOI_FAR,SL_AOI_FAR,2.0,jpy_pairs,h12-14(3h),0,sym:jpy_pairs & win:h12-14(3h),945,135.1,0.3492,0.5915,0.0593,0.1372,12,1.229
ATR1_H8,SL_ATR_1_0,2.0,jpy_pairs,h14-17(4h),1,break_close_location<=0.921 & sym:jpy_pairs & win:h14-17(4h),839,119.9,0.3492,0.6508,0.0,0.0477,14,1.073
ATR1_H8,SL_ATR_1_0,2.0,high_vol,london,1,break_close_location<=0.921 & sym:high_vol & win:london,1180,168.7,0.3492,0.6508,0.0,0.0475,15,1.073
AOI_FAR,SL_AOI_FAR,2.0,eur_pairs,h00-03(4h),0,sym:eur_pairs & win:h00-03(4h),977,139.7,0.349,0.6285,0.0225,0.0864,16,1.138
SIG_CANDLE,SL_SIGNAL_CANDLE,2.0,jpy_pairs,ny,0,sym:jpy_pairs & win:ny,1683,240.6,0.3488,0.6405,0.0107,0.0671,25,1.105
ATR1_H8,SL_ATR_1_0,2.0,usd_majors,h00-02(3h),0,sym:usd_majors & win:h00-02(3h),731,104.5,0.3488,0.6512,0.0,0.0465,13,1.071
ATR1_H8,SL_ATR_1_0,2.0,ALL,h06-08(3h),1,break_close_location<=0.921 & win:h06-08(3h),2351,336.1,0.3488,0.6512,0.0,0.0464,18,1.071
ATR1_H8,SL_ATR_1_0,2.0,ALL,h13-15(3h),1,break_close_location<=0.921 & win:h13-15(3h),2627,375.5,0.3487,0.6509,0.0004,0.0468,20,1.072
ATR1_H8,SL_ATR_1_0,2.0,high_vol,h23-01(3h),0,sym:high_vol & win:h23-01(3h),815,116.5,0.3485,0.6515,0.0,0.0454,15,1.07
ATR1_H8,SL_ATR_1_0,2.0,ALL,h14,1,break_close_location<=0.921 & win:h14,947,135.4,0.3485,0.6515,0.0,0.0454,15,1.07
SIG_CANDLE,SL_SIGNAL_CANDLE,2.0,jpy_pairs,h11-13(3h),0,sym:jpy_pairs & win:h11-13(3h),841,120.2,0.3484,0.6385,0.0131,0.072,17,1.113
ATR1_H8,SL_ATR_1_0,2.0,nzd_bloc,london_ny,1,break_close_location<=0.921 & sym:nzd_bloc & win:london_ny,2137,305.5,0.3482,0.6518,0.0,0.0445,27,1.068
AOI_FAR,SL_AOI_FAR,2.0,ALL,asia_ld,1,bearish_aoi_midpoint>=0.545 & win:asia_ld,1735,248.0,0.3481,0.6207,0.0311,0.0914,32,1.147
SIG_CANDLE,SL_SIGNAL_CANDLE,2.0,ALL,london_ny,1,bearish_htf_mid>=0.829 & win:london_ny,1000,143.0,0.348,0.639,0.013,0.0631,16,1.098
ATR1_H8,SL_ATR_1_0,2.0,ALL,h01-02,1,break_close_location<=0.921 & win:h01-02,1592,227.6,0.348,0.6514,0.0006,0.0455,14,1.07
ATR1_H8,SL_ATR_1_0,2.0,nzd_bloc,asia_ld,1,break_close_location<=0.921 & sym:nzd_bloc & win:asia_ld,2144,306.5,0.3479,0.6521,0.0,0.0438,24,1.067
ATR1_H8,SL_ATR_1_0,2.0,ALL,h14-15,1,break_close_location<=0.921 & win:h14-15,1714,245.0,0.3477,0.6523,0.0,0.0432,16,1.066
ATR1_H8,SL_ATR_1_0,2.0,high_vol,london_ny,1,break_close_location<=0.921 & sym:high_vol & win:london_ny,2329,332.9,0.3474,0.6522,0.0004,0.0424,19,1.065
ATR1_H8,SL_ATR_1_0,2.0,nzd_bloc,h06-08(3h),0,sym:nzd_bloc & win:h06-08(3h),717,102.5,0.3473,0.6527,0.0,0.0418,22,1.064
ATR1_H8,SL_ATR_1_0,2.0,eur_pairs,h13-15(3h),0,sym:eur_pairs & win:h13-15(3h),913,130.5,0.3472,0.6528,0.0,0.0416,18,1.064
ATR1_H8,SL_ATR_1_0,2.0,ALL,h22-23,1,break_close_location<=0.921 & win:h22-23,1544,220.7,0.3472,0.6528,0.0,0.0415,15,1.063
ATR1_H8,SL_ATR_1_0,2.0,ALL,h22-25(4h),1,break_close_location<=0.921 & win:h22-25(4h),1544,220.7,0.3472,0.6528,0.0,0.0415,15,1.063
ATR1_H8,SL_ATR_1_0,2.0,high_vol,h08-10(3h),0,sym:high_vol & win:h08-10(3h),784,112.1,0.3469,0.6531,0.0,0.0408,10,1.062
ATR1_H8,SL_ATR_1_0,2.0,usd_majors,h12-14(3h),0,sym:usd_majors & win:h12-14(3h),836,119.5,0.3469,0.6531,0.0,0.0407,17,1.062
ATR1_H8,SL_ATR_1_0,2.0,jpy_pairs,asia_ld,1,break_close_location<=0.921 & sym:jpy_pairs & win:asia_ld,2433,347.8,0.3469,0.6531,0.0,0.0407,20,1.062
SIG_CANDLE,SL_SIGNAL_CANDLE,2.0,jpy_pairs,h04-06(3h),0,sym:jpy_pairs & win:h04-06(3h),715,102.2,0.3469,0.6476,0.0056,0.0503,14,1.078
ATR1_H8,SL_ATR_1_0,2.0,ALL,h08-10(3h),1,break_close_location<=0.921 & win:h08-10(3h),2281,326.1,0.3468,0.6532,0.0,0.0403,15,1.062
ATR1_H8,SL_ATR_1_0,2.0,ALL,h15,1,break_close_location<=0.921 & win:h15,767,109.6,0.3468,0.6532,0.0,0.0404,13,1.062
ATR1_H8,SL_ATR_1_0,2.0,ALL,h12-15(4h),1,break_close_location<=0.921 & win:h12-15(4h),3377,482.8,0.3462,0.6529,0.0009,0.0397,22,1.061
ATR1_H8,SL_ATR_1_0,2.0,ALL,h07,1,break_close_location<=0.921 & win:h07,829,118.5,0.3462,0.6538,0.0,0.0386,16,1.059
ATR1_H8,SL_ATR_1_0,2.0,ALL,h12-14(3h),1,break_close_location<=0.921 & win:h12-14(3h),2610,373.1,0.346,0.6529,0.0011,0.0395,18,1.06
AOI_FAR,SL_AOI_FAR,2.0,jpy_pairs,h11-13(3h),0,sym:jpy_pairs & win:h11-13(3h),841,120.2,0.346,0.6147,0.0392,0.1017,15,1.165
ATR1_H8,SL_ATR_1_0,2.0,nzd_bloc,h23-01(3h),0,sym:nzd_bloc & win:h23-01(3h),821,117.4,0.3459,0.6541,0.0,0.0378,14,1.058
SIG_CANDLE,SL_SIGNAL_CANDLE,2.0,ALL,h08,0,win:h08,963,137.7,0.3458,0.6428,0.0114,0.0539,13,1.084
SIG_CANDLE,SL_SIGNAL_CANDLE,2.0,jpy_pairs,h06-09(4h),0,sym:jpy_pairs & win:h06-09(4h),1088,155.5,0.3456,0.6406,0.0138,0.0584,13,1.091
ATR1_H8,SL_ATR_1_0,2.0,high_vol,ny,1,break_close_location<=0.921 & sym:high_vol & win:ny,1149,164.3,0.3455,0.6536,0.0009,0.0373,16,1.057
SIG_CANDLE,SL_SIGNAL_CANDLE,2.0,jpy_pairs,h07-09(3h),0,sym:jpy_pairs & win:h07-09(3h),828,118.4,0.3454,0.6377,0.0169,0.0621,12,1.097
AOI_FAR,SL_AOI_FAR,2.0,ALL,london,1,bearish_aoi_midpoint>=0.545 & win:london,933,133.4,0.3451,0.6174,0.0375,0.0913,17,1.147
SIG_CANDLE,SL_SIGNAL_CANDLE,2.0,usd_majors,h22-00(3h),0,sym:usd_majors & win:h22-00(3h),710,101.5,0.3451,0.6507,0.0042,0.0414,13,1.064
ATR1_H8,SL_ATR_1_0,2.0,ALL,h06-09(4h),1,break_close_location<=0.921 & win:h06-09(4h),3138,448.6,0.3451,0.6549,0.0,0.0354,19,1.054
ATR1_H8,SL_ATR_1_0,2.0,jpy_pairs,h08-10(3h),0,sym:jpy_pairs & win:h08-10(3h),797,113.9,0.345,0.655,0.0,0.0351,13,1.054
ATR1_H8,SL_ATR_1_0,2.0,ALL,h04-05,1,break_close_location<=0.921 & win:h04-05,1096,156.7,0.3449,0.6551,0.0,0.0347,13,1.053
SIG_CANDLE,SL_SIGNAL_CANDLE,2.0,jpy_pairs,h10-13(4h),0,sym:jpy_pairs & win:h10-13(4h),1102,157.5,0.3448,0.6434,0.0118,0.0582,16,1.09
SIG_CANDLE,SL_SIGNAL_CANDLE,2.0,jpy_pairs,h05-07(3h),0,sym:jpy_pairs & win:h05-07(3h),821,117.4,0.3447,0.6468,0.0085,0.049,17,1.076
ATR1_H8,SL_ATR_1_0,2.0,usd_majors,h23-01(3h),0,sym:usd_majors & win:h23-01(3h),740,105.8,0.3446,0.6554,0.0,0.0338,18,1.052
ATR1_H8,SL_ATR_1_0,2.0,ALL,h12-13,1,break_close_location<=0.921 & win:h12-13,1663,237.7,0.3446,0.6536,0.0018,0.0361,18,1.055
ATR1_H8,SL_ATR_1_0,2.0,high_vol,h04-07(4h),1,break_close_location<=0.921 & sym:high_vol & win:h04-07(4h),711,101.6,0.3446,0.6554,0.0,0.0338,14,1.052
ATR1_H8,SL_ATR_1_0,2.0,eur_pairs,h12-14(3h),1,break_close_location<=0.921 & sym:eur_pairs & win:h12-14(3h),717,102.5,0.3445,0.6527,0.0028,0.0366,14,1.056
ATR1_H8,SL_ATR_1_0,2.0,high_vol,h10-13(4h),1,break_close_location<=0.921 & sym:high_vol & win:h10-13(4h),807,115.4,0.3445,0.6543,0.0012,0.0345,12,1.053
ATR1_H8,SL_ATR_1_0,2.0,usd_majors,h14-17(4h),1,break_close_location<=0.921 & sym:usd_majors & win:h14-17(4h),720,102.9,0.3444,0.6542,0.0014,0.0361,18,1.055
ATR1_H8,SL_ATR_1_0,2.0,eur_pairs,off_hours,1,break_close_location<=0.921 & sym:eur_pairs & win:off_hours,1659,237.2,0.3442,0.6558,0.0,0.0325,14,1.05
ATR1_H8,SL_ATR_1_0,2.0,gbp_pairs,h02-05(4h),0,sym:gbp_pairs & win:h02-05(4h),817,116.8,0.3439,0.6548,0.0012,0.0349,10,1.053
ATR1_H8,SL_ATR_1_0,2.0,usd_majors,h07-09(3h),0,sym:usd_majors & win:h07-09(3h),768,109.8,0.3438,0.6562,0.0,0.0312,17,1.048
SIG_CANDLE,SL_SIGNAL_CANDLE,2.0,aud_bloc,h01-03(3h),0,sym:aud_bloc & win:h01-03(3h),765,109.4,0.3438,0.6497,0.0065,0.0392,21,1.06
SIG_CANDLE,SL_SIGNAL_CANDLE,2.0,jpy_pairs,london_ny,0,sym:jpy_pairs & win:london_ny,3285,469.6,0.3434,0.6454,0.0113,0.0504,25,1.078
SIG_CANDLE,SL_SIGNAL_CANDLE,2.0,high_vol,h02-05(4h),0,sym:high_vol & win:h02-05(4h),883,126.2,0.3431,0.6523,0.0045,0.037,14,1.057
SIG_CANDLE,SL_SIGNAL_CANDLE,2.0,chf_pairs,h10-13(4h),0,sym:chf_pairs & win:h10-13(4h),863,123.4,0.343,0.6454,0.0116,0.048,15,1.074
ATR1_H8,SL_ATR_1_0,2.0,nzd_bloc,h14-17(4h),0,sym:nzd_bloc & win:h14-17(4h),892,127.5,0.343,0.657,0.0,0.0291,13,1.044
SIG_CANDLE,SL_SIGNAL_CANDLE,2.0,nzd_bloc,h08-10(3h),0,sym:nzd_bloc & win:h08-10(3h),735,105.1,0.3429,0.6531,0.0041,0.0374,16,1.057
ATR1_H8,SL_ATR_1_0,2.0,high_vol,h14-16(3h),0,sym:high_vol & win:h14-16(3h),744,106.4,0.3427,0.6573,0.0,0.0282,21,1.043
ATR1_H8,SL_ATR_1_0,2.0,aud_bloc,h13-15(3h),0,sym:aud_bloc & win:h13-15(3h),759,108.5,0.3426,0.6574,0.0,0.0277,14,1.042
ATR1_H8,SL_ATR_1_0,2.0,high_vol,h11-13(3h),0,sym:high_vol & win:h11-13(3h),791,113.1,0.3426,0.6561,0.0013,0.0289,11,1.044
ATR1_H8,SL_ATR_1_0,2.0,eur_pairs,h01-03(3h),0,sym:eur_pairs & win:h01-03(3h),710,101.5,0.3423,0.6577,0.0,0.0268,12,1.041
ATR1_H8,SL_ATR_1_0,2.0,usd_majors,h13-15(3h),0,sym:usd_majors & win:h13-15(3h),891,127.4,0.3423,0.6577,0.0,0.0269,12,1.041
SIG_CANDLE,SL_SIGNAL_CANDLE,2.0,usd_majors,h13-15(3h),0,sym:usd_majors & win:h13-15(3h),891,127.4,0.3423,0.6341,0.0236,0.0584,12,1.092
AOI_FAR,SL_AOI_FAR,2.0,eur_pairs,off_hours,0,sym:eur_pairs & win:off_hours,2278,325.7,0.342,0.6374,0.0206,0.0604,23,1.095
AOI_FAR,SL_AOI_FAR,2.0,eur_pairs,h02-05(4h),0,sym:eur_pairs & win:h02-05(4h),834,119.2,0.3417,0.6391,0.0192,0.0564,15,1.088
ATR1_H8,SL_ATR_1_0,2.0,jpy_pairs,asia,1,break_close_location<=0.921 & sym:jpy_pairs & win:asia,1180,168.7,0.3415,0.6585,0.0,0.0246,15,1.037
SIG_CANDLE,SL_SIGNAL_CANDLE,2.0,eur_pairs,h00-02(3h),0,sym:eur_pairs & win:h00-02(3h),776,110.9,0.3415,0.6521,0.0064,0.0343,14,1.053
ATR1_H8,SL_ATR_1_0,2.0,aud_bloc,h12-14(3h),0,sym:aud_bloc & win:h12-14(3h),765,109.4,0.3412,0.6588,0.0,0.0235,14,1.036
ATR1_H8,SL_ATR_1_0,2.0,jpy_pairs,h08-11(4h),1,break_close_location<=0.921 & sym:jpy_pairs & win:h08-11(4h),818,116.9,0.3411,0.6589,0.0,0.0232,25,1.035
AOI_FAR,SL_AOI_FAR,2.0,jpy_pairs,ny,0,sym:jpy_pairs & win:ny,1683,240.6,0.3405,0.6067,0.0529,0.1038,15,1.17
ATR1_H8,SL_ATR_1_0,2.0,usd_majors,ny,1,break_close_location<=0.921 & sym:usd_majors & win:ny,1122,160.4,0.3405,0.6586,0.0009,0.0232,18,1.035
AOI_FAR,SL_AOI_FAR,2.0,jpy_pairs,h12-15(4h),0,sym:jpy_pairs & win:h12-15(4h),1219,174.3,0.3404,0.6005,0.0591,0.1112,15,1.183
ATR1_H8,SL_ATR_1_0,2.0,usd_majors,h06-09(4h),1,break_close_location<=0.921 & sym:usd_majors & win:h06-09(4h),779,111.4,0.3402,0.6598,0.0,0.0205,15,1.031
ATR1_H8,SL_ATR_1_0,2.0,usd_majors,london_ny,1,break_close_location<=0.921 & sym:usd_majors & win:london_ny,2252,321.9,0.3401,0.6594,0.0004,0.0213,22,1.032
SIG_CANDLE,SL_SIGNAL_CANDLE,2.0,ALL,h13,0,win:h13,1191,170.3,0.3401,0.6381,0.0218,0.0562,21,1.088
ATR1_H8,SL_ATR_1_0,2.0,usd_majors,h12-15(4h),1,break_close_location<=0.921 & sym:usd_majors & win:h12-15(4h),830,118.7,0.3398,0.6602,0.0,0.0193,14,1.029
ATR1_H8,SL_ATR_1_0,2.0,usd_majors,london,1,break_close_location<=0.921 & sym:usd_majors & win:london,1130,161.5,0.3398,0.6602,0.0,0.0195,15,1.029
SIG_CANDLE,SL_SIGNAL_CANDLE,2.0,jpy_pairs,h14-17(4h),0,sym:jpy_pairs & win:h14-17(4h),1095,156.5,0.3397,0.6521,0.0082,0.0346,21,1.053
ATR1_H8,SL_ATR_1_0,2.0,ALL,h02,1,break_close_location<=0.921 & win:h02,733,104.8,0.3397,0.6589,0.0014,0.0225,16,1.034
ATR1_H8,SL_ATR_1_0,2.0,high_vol,asia_ld,1,break_close_location<=0.921 & sym:high_vol & win:asia_ld,2291,327.5,0.3396,0.66,0.0004,0.0199,21,1.03
SIG_CANDLE,SL_SIGNAL_CANDLE,2.0,eur_pairs,h11-13(3h),0,sym:eur_pairs & win:h11-13(3h),869,124.2,0.3395,0.6433,0.0173,0.0477,22,1.074
ATR1_H8,SL_ATR_1_0,2.0,aud_bloc,h10-13(4h),1,break_close_location<=0.921 & sym:aud_bloc & win:h10-13(4h),713,101.9,0.3394,0.6606,0.0,0.0182,13,1.028
ATR1_H8,SL_ATR_1_0,2.0,usd_majors,h22-00(3h),0,sym:usd_majors & win:h22-00(3h),710,101.5,0.3394,0.6606,0.0,0.0183,15,1.028
SIG_CANDLE,SL_SIGNAL_CANDLE,2.0,aud_bloc,h02-05(4h),0,sym:aud_bloc & win:h02-05(4h),878,125.5,0.3394,0.6572,0.0034,0.0221,19,1.034
ATR1_H8,SL_ATR_1_0,2.0,usd_majors,h08-11(4h),1,break_close_location<=0.921 & sym:usd_majors & win:h08-11(4h),725,103.6,0.3393,0.6607,0.0,0.0179,13,1.027
ATR1_H8,SL_ATR_1_0,2.0,nzd_bloc,h00-03(4h),1,break_close_location<=0.921 & sym:nzd_bloc & win:h00-03(4h),793,113.4,0.3392,0.6608,0.0,0.0177,23,1.027
ATR1_H8,SL_ATR_1_0,2.0,eur_pairs,h22-00(3h),0,sym:eur_pairs & win:h22-00(3h),832,118.9,0.3389,0.6611,0.0,0.0168,18,1.025
ATR1_H8,SL_ATR_1_0,2.0,gbp_pairs,ny,1,break_close_location<=0.921 & sym:gbp_pairs & win:ny,1310,187.3,0.3389,0.6611,0.0,0.0168,17,1.025
ATR1_H8,SL_ATR_1_0,2.0,ALL,h04-07(4h),1,break_close_location<=0.921 & win:h04-07(4h),2707,387.0,0.3388,0.6612,0.0,0.0163,24,1.025
ATR1_H8,SL_ATR_1_0,2.0,gbp_pairs,h14-16(3h),0,sym:gbp_pairs & win:h14-16(3h),859,122.8,0.3388,0.6601,0.0012,0.0171,12,1.026
ATR1_H8,SL_ATR_1_0,2.0,eur_pairs,asia_ld,1,break_close_location<=0.921 & sym:eur_pairs & win:asia_ld,2227,318.4,0.3386,0.6614,0.0,0.0157,25,1.024
ATR1_H8,SL_ATR_1_0,2.0,usd_majors,h00-03(4h),0,sym:usd_majors & win:h00-03(4h),910,130.1,0.3385,0.6615,0.0,0.0154,13,1.023
ATR1_H8,SL_ATR_1_0,2.0,ALL,h23,1,break_close_location<=0.921 & win:h23,709,101.4,0.3385,0.6615,0.0,0.0155,14,1.023
ATR1_H8,SL_ATR_1_0,2.0,nzd_bloc,h10-13(4h),1,break_close_location<=0.921 & sym:nzd_bloc & win:h10-13(4h),730,104.4,0.3384,0.6616,0.0,0.0151,27,1.023
ATR1_H8,SL_ATR_1_0,2.0,aud_bloc,ny,1,break_close_location<=0.921 & sym:aud_bloc & win:ny,1049,150.0,0.3384,0.6616,0.0,0.0153,19,1.023
SIG_CANDLE,SL_SIGNAL_CANDLE,2.0,nzd_bloc,h08-11(4h),0,sym:nzd_bloc & win:h08-11(4h),961,137.4,0.3382,0.6566,0.0052,0.0235,15,1.036
ATR1_H8,SL_ATR_1_0,2.0,eur_pairs,h06-09(4h),1,break_close_location<=0.921 & sym:eur_pairs & win:h06-09(4h),828,118.4,0.3382,0.6618,0.0,0.0145,17,1.022
SIG_CANDLE,SL_SIGNAL_CANDLE,2.0,aud_bloc,h00-02(3h),0,sym:aud_bloc & win:h00-02(3h),808,115.5,0.3379,0.6559,0.0062,0.0214,16,1.033
ATR1_H8,SL_ATR_1_0,2.0,jpy_pairs,h10-12(3h),0,sym:jpy_pairs & win:h10-12(3h),805,115.1,0.3379,0.6609,0.0012,0.0147,13,1.022
SIG_CANDLE,SL_SIGNAL_CANDLE,2.0,aud_bloc,asia,0,sym:aud_bloc & win:asia,1427,204.0,0.3378,0.6566,0.0056,0.0201,23,1.031
SIG_CANDLE,SL_SIGNAL_CANDLE,2.0,jpy_pairs,london,0,sym:jpy_pairs & win:london,1602,229.0,0.3377,0.6504,0.0119,0.0328,16,1.05
ATR1_H8,SL_ATR_1_0,2.0,ALL,h08-11(4h),1,break_close_location<=0.921 & win:h08-11(4h),2995,428.2,0.3376,0.6624,0.0,0.0127,17,1.019
SIG_CANDLE,SL_SIGNAL_CANDLE,2.0,jpy_pairs,h08-10(3h),0,sym:jpy_pairs & win:h08-10(3h),797,113.9,0.3375,0.6487,0.0138,0.0346,13,1.053
ATR1_H8,SL_ATR_1_0,2.0,ALL,h12,1,break_close_location<=0.921 & win:h12,750,107.2,0.3373,0.66,0.0027,0.015,12,1.023
SIG_CANDLE,SL_SIGNAL_CANDLE,2.0,high_vol,h12-14(3h),0,sym:high_vol & win:h12-14(3h),863,123.4,0.3372,0.6385,0.0243,0.0499,12,1.078
ATR1_H8,SL_ATR_1_0,2.0,gbp_pairs,h14-17(4h),1,break_close_location<=0.921 & sym:gbp_pairs & win:h14-17(4h),863,123.4,0.3372,0.6628,0.0,0.0116,13,1.017
ATR1_H8,SL_ATR_1_0,2.0,aud_bloc,h11-13(3h),0,sym:aud_bloc & win:h11-13(3h),700,100.1,0.3371,0.6629,0.0,0.0114,12,1.017
SIG_CANDLE,SL_SIGNAL_CANDLE,2.0,ALL,h02,0,win:h02,961,137.4,0.3371,0.6587,0.0042,0.017,17,1.026
ATR1_H8,SL_ATR_1_0,2.0,ALL,h14-16(3h),1,break_close_location<=0.921 & win:h14-16(3h),2310,330.2,0.3368,0.6632,0.0,0.0104,18,1.016
ATR1_H8,SL_ATR_1_0,2.0,usd_majors,h14-16(3h),0,sym:usd_majors & win:h14-16(3h),775,110.8,0.3368,0.6632,0.0,0.0103,18,1.016
ATR1_H8,SL_ATR_1_0,2.0,gbp_pairs,off_hours,1,break_close_location<=0.921 & sym:gbp_pairs & win:off_hours,1633,233.4,0.3368,0.6626,0.0006,0.0119,21,1.018
ATR1_H8,SL_ATR_1_0,2.0,ALL,h01-03(3h),1,break_close_location<=0.921 & win:h01-03(3h),2157,308.4,0.3366,0.663,0.0005,0.0109,20,1.016
SIG_CANDLE,SL_SIGNAL_CANDLE,2.0,jpy_pairs,h10-12(3h),0,sym:jpy_pairs & win:h10-12(3h),805,115.1,0.3366,0.6509,0.0124,0.0348,13,1.053
ATR1_H8,SL_ATR_1_0,2.0,nzd_bloc,h09-11(3h),0,sym:nzd_bloc & win:h09-11(3h),734,104.9,0.3365,0.6635,0.0,0.0095,13,1.014
ATR1_H8,SL_ATR_1_0,2.0,high_vol,h14-17(4h),1,break_close_location<=0.921 & sym:high_vol & win:h14-17(4h),740,105.8,0.3365,0.6635,0.0,0.0095,17,1.014
ATR1_H8,SL_ATR_1_0,2.0,ALL,london,1,break_close_location<=0.921 & win:london,4606,658.5,0.3365,0.6635,0.0,0.0096,19,1.014
ATR1_H8,SL_ATR_1_0,2.0,usd_majors,h11-13(3h),0,sym:usd_majors & win:h11-13(3h),776,110.9,0.3363,0.6637,0.0,0.009,13,1.014
ATR1_H8,SL_ATR_1_0,2.0,ALL,london_ny,1,break_close_location<=0.921 & win:london_ny,9248,1322.0,0.3363,0.6633,0.0004,0.0095,20,1.014
SIG_CANDLE,SL_SIGNAL_CANDLE,2.0,aud_bloc,h00-03(4h),0,sym:aud_bloc & win:h00-03(4h),1014,145.0,0.3363,0.6568,0.0069,0.0173,22,1.026
ATR1_H8,SL_ATR_1_0,2.0,nzd_bloc,ny,0,sym:nzd_bloc & win:ny,1410,201.6,0.3362,0.6638,0.0,0.0085,16,1.013
AOI_FAR,SL_AOI_FAR,2.0,high_vol,h23-01(3h),0,sym:high_vol & win:h23-01(3h),815,116.5,0.3362,0.6393,0.0245,0.0491,19,1.077
ATR1_H8,SL_ATR_1_0,2.0,aud_bloc,h06-08(3h),0,sym:aud_bloc & win:h06-08(3h),711,101.6,0.3361,0.6639,0.0,0.0084,12,1.013
ATR1_H8,SL_ATR_1_0,2.0,ALL,ny,1,break_close_location<=0.921 & win:ny,4642,663.6,0.3361,0.6631,0.0009,0.0095,19,1.014
SIG_CANDLE,SL_SIGNAL_CANDLE,2.0,jpy_pairs,asia_ld,0,sym:jpy_pairs & win:asia_ld,3146,449.7,0.336,0.6554,0.0086,0.0219,17,1.033
AOI_FAR,SL_AOI_FAR,2.0,eur_pairs,h21-23(3h),0,sym:eur_pairs & win:h21-23(3h),759,108.5,0.336,0.6443,0.0198,0.0396,15,1.061
SIG_CANDLE,SL_SIGNAL_CANDLE,2.0,high_vol,h01-03(3h),0,sym:high_vol & win:h01-03(3h),747,106.8,0.336,0.6546,0.0094,0.0218,16,1.033
ATR1_H8,SL_ATR_1_0,2.0,usd_majors,h10-13(4h),1,break_close_location<=0.921 & sym:usd_majors & win:h10-13(4h),753,107.6,0.336,0.664,0.0,0.008,12,1.012
ATR1_H8,SL_ATR_1_0,2.0,nzd_bloc,h13-15(3h),0,sym:nzd_bloc & win:h13-15(3h),795,113.6,0.3358,0.6642,0.0,0.0075,17,1.011
SIG_CANDLE,SL_SIGNAL_CANDLE,2.0,eur_pairs,h00-03(4h),0,sym:eur_pairs & win:h00-03(4h),977,139.7,0.3357,0.6581,0.0061,0.0171,14,1.026
AOI_FAR,SL_AOI_FAR,2.0,ALL,h03,0,win:h03,766,109.5,0.3355,0.641,0.0235,0.0439,17,1.069
ATR1_H8,SL_ATR_1_0,2.0,ALL,h04-06(3h),1,break_close_location<=0.921 & win:h04-06(3h),1878,268.5,0.3355,0.6645,0.0,0.0064,19,1.01
AOI_FAR,SL_AOI_FAR,2.0,jpy_pairs,h01-03(3h),0,sym:jpy_pairs & win:h01-03(3h),796,113.8,0.3354,0.6445,0.0201,0.0412,18,1.064
ATR1_H8,SL_ATR_1_0,2.0,ALL,asia_ld,1,break_close_location<=0.921 & win:asia_ld,8634,1234.3,0.3351,0.6648,0.0001,0.0055,25,1.008
ATR1_H8,SL_ATR_1_0,2.0,ALL,h00-02(3h),1,break_close_location<=0.921 & win:h00-02(3h),2367,338.4,0.335,0.6646,0.0004,0.0061,17,1.009
ATR1_H8,SL_ATR_1_0,2.0,gbp_pairs,h06-09(4h),1,break_close_location<=0.921 & sym:gbp_pairs & win:h06-09(4h),908,129.8,0.3348,0.6652,0.0,0.0044,18,1.007
AOI_FAR,SL_AOI_FAR,2.0,jpy_pairs,h10-13(4h),0,sym:jpy_pairs & win:h10-13(4h),1102,157.5,0.3348,0.6279,0.0372,0.0621,18,1.098
ATR1_H8,SL_ATR_1_0,2.0,eur_pairs,h21-23(3h),0,sym:eur_pairs & win:h21-23(3h),759,108.5,0.3347,0.6653,0.0,0.004,16,1.006
ATR1_H8,SL_ATR_1_0,2.0,usd_majors,asia_ld,1,break_close_location<=0.921 & sym:usd_majors & win:asia_ld,2029,290.1,0.3346,0.6654,0.0,0.0039,15,1.006
AOI_FAR,SL_AOI_FAR,2.0,high_vol,h08-11(4h),0,sym:high_vol & win:h08-11(4h),1037,148.2,0.3346,0.6336,0.0318,0.051,20,1.08
ATR1_H8,SL_ATR_1_0,2.0,ALL,h21-23(3h),1,break_close_location<=0.921 & win:h21-23(3h),2074,296.5,0.3346,0.6654,0.0,0.0039,21,1.006
ATR1_H8,SL_ATR_1_0,2.0,ALL,h06-07,1,break_close_location<=0.921 & win:h06-07,1611,230.3,0.3346,0.6654,0.0,0.0037,23,1.006
ATR1_H8,SL_ATR_1_0,2.0,ALL,h23-01(3h),1,break_close_location<=0.921 & win:h23-01(3h),2343,334.9,0.3346,0.6654,0.0,0.0038,25,1.006
SIG_CANDLE,SL_SIGNAL_CANDLE,2.0,usd_majors,h12-15(4h),0,sym:usd_majors & win:h12-15(4h),1115,159.4,0.3345,0.6368,0.0287,0.047,13,1.073
ATR1_H8,SL_ATR_1_0,2.0,usd_majors,h10-12(3h),0,sym:usd_majors & win:h10-12(3h),703,100.5,0.3343,0.6657,0.0,0.0028,11,1.004
ATR1_H8,SL_ATR_1_0,2.0,ALL,h02-04(3h),1,break_close_location<=0.921 & win:h02-04(3h),1765,252.3,0.3343,0.6652,0.0006,0.0042,19,1.006
SIG_CANDLE,SL_SIGNAL_CANDLE,2.0,high_vol,h08-10(3h),0,sym:high_vol & win:h08-10(3h),784,112.1,0.3342,0.6569,0.0089,0.0198,19,1.03
ATR1_H8,SL_ATR_1_0,2.0,ALL,h22-00(3h),1,break_close_location<=0.921 & win:h22-00(3h),2319,331.5,0.3342,0.6658,0.0,0.0026,19,1.004
SIG_CANDLE,SL_SIGNAL_CANDLE,2.0,high_vol,h12-15(4h),0,sym:high_vol & win:h12-15(4h),1098,157.0,0.3342,0.6448,0.0209,0.0359,15,1.056
SIG_CANDLE,SL_SIGNAL_CANDLE,2.0,jpy_pairs,asia,0,sym:jpy_pairs & win:asia,1544,220.7,0.3342,0.6606,0.0052,0.0106,17,1.016
ATR1_H8,SL_ATR_1_0,2.0,ALL,h09,1,break_close_location<=0.921 & win:h09,787,112.5,0.3342,0.6658,0.0,0.0025,21,1.004
AOI_FAR,SL_AOI_FAR,2.0,jpy_pairs,h14-17(4h),0,sym:jpy_pairs & win:h14-17(4h),1095,156.5,0.3342,0.611,0.0548,0.0865,13,1.14
ATR1_H8,SL_ATR_1_0,2.0,ALL,h05-07(3h),1,break_close_location<=0.921 & win:h05-07(3h),2240,320.2,0.3339,0.6661,0.0,0.0018,21,1.003
ATR1_H8,SL_ATR_1_0,2.0,nzd_bloc,h01-03(3h),0,sym:nzd_bloc & win:h01-03(3h),773,110.5,0.3338,0.6662,0.0,0.0013,19,1.002
ATR1_H8,SL_ATR_1_0,2.0,usd_majors,h08-10(3h),0,sym:usd_majors & win:h08-10(3h),734,104.9,0.3338,0.6662,0.0,0.0014,14,1.002
ATR1_H8,SL_ATR_1_0,2.0,ALL,h02-05(4h),1,break_close_location<=0.921 & win:h02-05(4h),2394,342.2,0.3338,0.6658,0.0004,0.0023,21,1.003
SIG_CANDLE,SL_SIGNAL_CANDLE,2.0,high_vol,h11-13(3h),0,sym:high_vol & win:h11-13(3h),791,113.1,0.3338,0.6511,0.0152,0.0285,13,1.044
AOI_FAR,SL_AOI_FAR,2.0,ALL,h03-04,0,win:h03-04,1423,203.4,0.3338,0.6416,0.0246,0.0379,13,1.059
SIG_CANDLE,SL_SIGNAL_CANDLE,2.0,eur_pairs,h01-03(3h),0,sym:eur_pairs & win:h01-03(3h),710,101.5,0.3338,0.6592,0.007,0.0128,12,1.019
ATR1_H8,SL_ATR_1_0,2.0,jpy_pairs,h00-02(3h),0,sym:jpy_pairs & win:h00-02(3h),866,123.8,0.3337,0.6663,0.0,0.0012,13,1.002
AOI_FAR,SL_AOI_FAR,2.0,jpy_pairs,h02-05(4h),0,sym:jpy_pairs & win:h02-05(4h),941,134.5,0.3337,0.6482,0.0181,0.0305,15,1.047
ATR1_H8,SL_ATR_1_0,2.0,gbp_pairs,asia,1,break_close_location<=0.921 & sym:gbp_pairs & win:asia,1016,145.2,0.3337,0.6654,0.001,0.0034,16,1.005
ATR1_H8,SL_ATR_1_0,2.0,nzd_bloc,h00-02(3h),0,sym:nzd_bloc & win:h00-02(3h),815,116.5,0.3337,0.6663,0.0,0.0012,16,1.002
ATR1_H8,SL_ATR_1_0,2.0,eur_pairs,ny,1,break_close_location<=0.921 & sym:eur_pairs & win:ny,1220,174.4,0.3336,0.6648,0.0016,0.0027,16,1.004
ATR1_H8,SL_ATR_1_0,2.0,ALL,h11-13(3h),1,break_close_location<=0.921 & win:h11-13(3h),2377,339.8,0.3336,0.6651,0.0013,0.0026,15,1.004
ATR1_H8,SL_ATR_1_0,2.0,ALL,asia,1,break_close_location<=0.921 & win:asia,4028,575.8,0.3334,0.6663,0.0002,0.0009,24,1.001
SIG_CANDLE,SL_SIGNAL_CANDLE,2.0,nzd_bloc,h06-09(4h),0,sym:nzd_bloc & win:h06-09(4h),966,138.1,0.3333,0.6594,0.0072,0.0116,17,1.018
AOI_FAR,SL_AOI_FAR,2.0,high_vol,h01-03(3h),0,sym:high_vol & win:h01-03(3h),747,106.8,0.3333,0.6399,0.0268,0.0423,17,1.066
AOI_FAR,SL_AOI_FAR,2.0,jpy_pairs,h07-09(3h),0,sym:jpy_pairs & win:h07-09(3h),828,118.4,0.3333,0.6256,0.0411,0.0506,19,1.08
ATR1_H8,SL_ATR_1_0,2.0,high_vol,h01-03(3h),0,sym:high_vol & win:h01-03(3h),747,106.8,0.3333,0.6653,0.0013,0.0033,17,1.005
AOI_FAR,SL_AOI_FAR,2.0,jpy_pairs,h13-15(3h),0,sym:jpy_pairs & win:h13-15(3h),928,132.7,0.333,0.6045,0.0625,0.0901,13,1.147
AOI_FAR,SL_AOI_FAR,2.0,jpy_pairs,h10-12(3h),0,sym:jpy_pairs & win:h10-12(3h),805,115.1,0.3329,0.6348,0.0323,0.0502,15,1.079
SIG_CANDLE,SL_SIGNAL_CANDLE,2.0,gbp_pairs,h02-05(4h),0,sym:gbp_pairs & win:h02-05(4h),817,116.8,0.3329,0.6659,0.0012,0.0013,12,1.002
AOI_FAR,SL_AOI_FAR,2.0,jpy_pairs,london_ny,0,sym:jpy_pairs & win:london_ny,3285,469.6,0.3327,0.6244,0.0429,0.0611,24,1.097
SIG_CANDLE,SL_SIGNAL_CANDLE,2.0,eur_pairs,h12-14(3h),0,sym:eur_pairs & win:h12-14(3h),968,138.4,0.3326,0.6364,0.031,0.0435,11,1.068
AOI_FAR,SL_AOI_FAR,2.0,aud_bloc,h02-05(4h),0,sym:aud_bloc & win:h02-05(4h),878,125.5,0.3326,0.6458,0.0216,0.032,17,1.049
ATR1_H8,SL_ATR_1_0,2.0,eur_pairs,h11-13(3h),0,sym:eur_pairs & win:h11-13(3h),869,124.2,0.3326,0.6651,0.0023,0.0003,10,1.0
AOI_FAR,SL_AOI_FAR,2.0,high_vol,h11-13(3h),0,sym:high_vol & win:h11-13(3h),791,113.1,0.3325,0.6258,0.0417,0.0629,21,1.1
SIG_CANDLE,SL_SIGNAL_CANDLE,2.0,high_vol,h13-15(3h),0,sym:high_vol & win:h13-15(3h),845,120.8,0.3325,0.6438,0.0237,0.0343,11,1.053
AOI_FAR,SL_AOI_FAR,2.0,ALL,london_ny,1,bearish_aoi_midpoint>=0.545 & win:london_ny,1835,262.3,0.3324,0.6169,0.0507,0.0691,28,1.111
SIG_CANDLE,SL_SIGNAL_CANDLE,2.0,ALL,h07-08,0,win:h07-08,2064,295.1,0.3324,0.655,0.0126,0.0151,17,1.023
SIG_CANDLE,SL_SIGNAL_CANDLE,2.0,ALL,h01-02,0,win:h01-02,2057,294.1,0.332,0.6616,0.0063,0.0048,17,1.007
AOI_FAR,SL_AOI_FAR,2.0,high_vol,h09-11(3h),0,sym:high_vol & win:h09-11(3h),796,113.8,0.3317,0.6457,0.0226,0.0268,17,1.041
AOI_FAR,SL_AOI_FAR,2.0,jpy_pairs,h04-07(4h),0,sym:jpy_pairs & win:h04-07(4h),1007,144.0,0.3317,0.6425,0.0258,0.032,21,1.05
SIG_CANDLE,SL_SIGNAL_CANDLE,2.0,ALL,asia_ld,1,bearish_htf_mid>=0.829 & win:asia_ld,709,101.4,0.3315,0.6615,0.0071,0.007,14,1.011
AOI_FAR,SL_AOI_FAR,2.0,ALL,h01,0,win:h01,1096,156.7,0.3312,0.6414,0.0274,0.0378,13,1.059
SIG_CANDLE,SL_SIGNAL_CANDLE,2.0,eur_pairs,asia,0,sym:eur_pairs & win:asia,1368,195.6,0.3311,0.6637,0.0051,0.0012,15,1.002
AOI_FAR,SL_AOI_FAR,2.0,ALL,off_hours,1,bearish_aoi_midpoint>=0.545 & win:off_hours,1175,168.0,0.3311,0.6494,0.0196,0.0238,23,1.037
AOI_FAR,SL_AOI_FAR,2.0,jpy_pairs,h14-16(3h),0,sym:jpy_pairs & win:h14-16(3h),855,122.2,0.331,0.6105,0.0585,0.0793,15,1.129
SIG_CANDLE,SL_SIGNAL_CANDLE,2.0,usd_majors,h14-17(4h),0,sym:usd_majors & win:h14-17(4h),982,140.4,0.331,0.6527,0.0163,0.0156,12,1.024
SIG_CANDLE,SL_SIGNAL_CANDLE,2.0,eur_pairs,h13-15(3h),0,sym:eur_pairs & win:h13-15(3h),913,130.5,0.3308,0.6396,0.0296,0.0334,16,1.052
AOI_FAR,SL_AOI_FAR,2.0,high_vol,h02-05(4h),0,sym:high_vol & win:h02-05(4h),883,126.2,0.3307,0.6478,0.0215,0.0246,18,1.038
SIG_CANDLE,SL_SIGNAL_CANDLE,2.0,jpy_pairs,h08-11(4h),0,sym:jpy_pairs & win:h08-11(4h),1050,150.1,0.3305,0.6571,0.0124,0.0124,15,1.019
SIG_CANDLE,SL_SIGNAL_CANDLE,2.0,high_vol,h07-09(3h),0,sym:high_vol & win:h07-09(3h),778,111.2,0.3303,0.653,0.0167,0.0192,16,1.029
AOI_FAR,SL_AOI_FAR,2.0,chf_pairs,h10-13(4h),0,sym:chf_pairs & win:h10-13(4h),863,123.4,0.3302,0.6234,0.0463,0.0524,11,1.083
SIG_CANDLE,SL_SIGNAL_CANDLE,2.0,ALL,h12-13,0,win:h12-13,2220,317.4,0.3302,0.6468,0.023,0.0282,27,1.044
SIG_CANDLE,SL_SIGNAL_CANDLE,2.0,ALL,h13-14,0,win:h13-14,2427,347.0,0.33,0.644,0.026,0.028,18,1.043
AOI_FAR,SL_AOI_FAR,2.0,high_vol,h21-23(3h),0,sym:high_vol & win:h21-23(3h),709,101.4,0.33,0.6488,0.0212,0.0255,14,1.039
SIG_CANDLE,SL_SIGNAL_CANDLE,2.0,usd_majors,h11-13(3h),0,sym:usd_majors & win:h11-13(3h),776,110.9,0.3299,0.6456,0.0245,0.031,16,1.048
SIG_CANDLE,SL_SIGNAL_CANDLE,2.0,high_vol,h08-11(4h),0,sym:high_vol & win:h08-11(4h),1037,148.2,0.3298,0.6596,0.0106,0.0088,17,1.013
SIG_CANDLE,SL_SIGNAL_CANDLE,2.0,ALL,h13-15(3h),0,win:h13-15(3h),3444,492.3,0.3298,0.6475,0.0226,0.0221,16,1.034
SIG_CANDLE,SL_SIGNAL_CANDLE,2.0,nzd_bloc,h14-17(4h),0,sym:nzd_bloc & win:h14-17(4h),892,127.5,0.3296,0.6592,0.0112,0.0083,11,1.013
SIG_CANDLE,SL_SIGNAL_CANDLE,2.0,ALL,h15,0,win:h15,1017,145.4,0.3294,0.6559,0.0147,0.0081,22,1.012
AOI_FAR,SL_AOI_FAR,2.0,jpy_pairs,h15-17(3h),0,sym:jpy_pairs & win:h15-17(3h),738,105.5,0.3293,0.626,0.0447,0.061,12,1.097
AOI_FAR,SL_AOI_FAR,2.0,high_vol,h12-14(3h),0,sym:high_vol & win:h12-14(3h),863,123.4,0.3291,0.6141,0.0568,0.0724,16,1.117
SIG_CANDLE,SL_SIGNAL_CANDLE,2.0,chf_pairs,h12-14(3h),0,sym:chf_pairs & win:h12-14(3h),717,102.5,0.3291,0.6513,0.0195,0.0177,11,1.027
AOI_FAR,SL_AOI_FAR,2.0,jpy_pairs,h06-09(4h),0,sym:jpy_pairs & win:h06-09(4h),1088,155.5,0.329,0.6342,0.0368,0.0346,20,1.054
SIG_CANDLE,SL_SIGNAL_CANDLE,2.0,usd_majors,h12-14(3h),0,sym:usd_majors & win:h12-14(3h),836,119.5,0.3289,0.64,0.0311,0.0356,13,1.055
AOI_FAR,SL_AOI_FAR,2.0,jpy_pairs,h05-07(3h),0,sym:jpy_pairs & win:h05-07(3h),821,117.4,0.3289,0.6443,0.0268,0.026,16,1.04
SIG_CANDLE,SL_SIGNAL_CANDLE,2.0,ALL,h11-13(3h),0,win:h11-13(3h),3160,451.7,0.3288,0.6538,0.0174,0.0149,21,1.023
AOI_FAR,SL_AOI_FAR,2.0,high_vol,h10-12(3h),0,sym:high_vol & win:h10-12(3h),788,112.6,0.3287,0.6434,0.0279,0.0264,15,1.041
SIG_CANDLE,SL_SIGNAL_CANDLE,2.0,usd_majors,ny,0,sym:usd_majors & win:ny,1524,217.9,0.3287,0.6483,0.023,0.0219,16,1.034
AOI_FAR,SL_AOI_FAR,2.0,high_vol,asia,0,sym:high_vol & win:asia,1447,206.9,0.3283,0.6475,0.0242,0.0221,17,1.034
AOI_FAR,SL_AOI_FAR,2.0,aud_bloc,h01-03(3h),0,sym:aud_bloc & win:h01-03(3h),765,109.4,0.3281,0.6392,0.0327,0.0373,20,1.058
AOI_FAR,SL_AOI_FAR,2.0,eur_pairs,h22-00(3h),0,sym:eur_pairs & win:h22-00(3h),832,118.9,0.3281,0.6514,0.0204,0.0188,13,1.029
AOI_FAR,SL_AOI_FAR,2.0,high_vol,h08-10(3h),0,sym:high_vol & win:h08-10(3h),784,112.1,0.3278,0.6378,0.0344,0.0347,16,1.054
SIG_CANDLE,SL_SIGNAL_CANDLE,2.0,usd_majors,h14-16(3h),0,sym:usd_majors & win:h14-16(3h),775,110.8,0.3277,0.6529,0.0194,0.0093,11,1.014
SIG_CANDLE,SL_SIGNAL_CANDLE,2.0,nzd_bloc,ny,0,sym:nzd_bloc & win:ny,1410,201.6,0.3277,0.661,0.0113,0.0008,14,1.001
AOI_FAR,SL_AOI_FAR,2.0,ALL,h03-05(3h),0,win:h03-05(3h),2302,329.1,0.3275,0.6538,0.0187,0.0116,14,1.018
AOI_FAR,SL_AOI_FAR,2.0,gbp_pairs,h04-07(4h),0,sym:gbp_pairs & win:h04-07(4h),990,141.5,0.3273,0.6444,0.0283,0.0208,19,1.032
SIG_CANDLE,SL_SIGNAL_CANDLE,2.0,ALL,h12-15(4h),0,win:h12-15(4h),4473,639.4,0.3273,0.6497,0.023,0.0161,19,1.025
SIG_CANDLE,SL_SIGNAL_CANDLE,2.0,eur_pairs,h12-15(4h),0,sym:eur_pairs & win:h12-15(4h),1211,173.1,0.327,0.6457,0.0273,0.02,15,1.031
SIG_CANDLE,SL_SIGNAL_CANDLE,2.0,chf_pairs,h12-15(4h),0,sym:chf_pairs & win:h12-15(4h),942,134.7,0.327,0.6539,0.0191,0.0112,13,1.017
SIG_CANDLE,SL_SIGNAL_CANDLE,2.0,ALL,h12-14(3h),0,win:h12-14(3h),3456,494.1,0.3267,0.6479,0.0255,0.0184,21,1.028
AOI_FAR,SL_AOI_FAR,2.0,jpy_pairs,h16-19(4h),0,sym:jpy_pairs & win:h16-19(4h),907,129.7,0.3264,0.6406,0.0331,0.033,14,1.051
AOI_FAR,SL_AOI_FAR,2.0,high_vol,off_hours,0,sym:high_vol & win:off_hours,2311,330.4,0.3263,0.6517,0.0221,0.0139,17,1.021
AOI_FAR,SL_AOI_FAR,2.0,ALL,h17,0,win:h17,880,125.8,0.3261,0.6489,0.025,0.0253,15,1.039
SIG_CANDLE,SL_SIGNAL_CANDLE,2.0,aud_bloc,h13-15(3h),0,sym:aud_bloc & win:h13-15(3h),759,108.5,0.3254,0.6561,0.0184,0.0056,15,1.008
AOI_FAR,SL_AOI_FAR,2.0,eur_pairs,h20-23(4h),0,sym:eur_pairs & win:h20-23(4h),910,130.1,0.3253,0.656,0.0187,0.0061,18,1.009
SIG_CANDLE,SL_SIGNAL_CANDLE,2.0,high_vol,ny,0,sym:high_vol & win:ny,1497,214.0,0.3253,0.6593,0.0154,0.0003,17,1.0
AOI_FAR,SL_AOI_FAR,2.0,gbp_pairs,h06-09(4h),0,sym:gbp_pairs & win:h06-09(4h),1168,167.0,0.3253,0.631,0.0437,0.0392,16,1.062
AOI_FAR,SL_AOI_FAR,2.0,jpy_pairs,h06-08(3h),0,sym:jpy_pairs & win:h06-08(3h),813,116.2,0.3247,0.6384,0.0369,0.0239,16,1.037
AOI_FAR,SL_AOI_FAR,2.0,jpy_pairs,london,0,sym:jpy_pairs & win:london,1602,229.0,0.3246,0.6429,0.0325,0.0163,20,1.025
AOI_FAR,SL_AOI_FAR,2.0,jpy_pairs,h09-11(3h),0,sym:jpy_pairs & win:h09-11(3h),789,112.8,0.3245,0.6477,0.0279,0.0084,16,1.013
SIG_CANDLE,SL_SIGNAL_CANDLE,2.0,ALL,h14-15,0,win:h14-15,2253,322.1,0.3245,0.6525,0.0231,0.0041,20,1.006
SIG_CANDLE,SL_SIGNAL_CANDLE,2.0,ALL,ny,0,win:ny,6150,879.2,0.3244,0.6576,0.018,0.0001,22,1.0
AOI_FAR,SL_AOI_FAR,2.0,high_vol,h07-09(3h),0,sym:high_vol & win:h07-09(3h),778,111.2,0.3239,0.6311,0.045,0.038,15,1.06
AOI_FAR,SL_AOI_FAR,2.0,high_vol,asia_ld,0,sym:high_vol & win:asia_ld,3008,430.0,0.3238,0.6463,0.0299,0.0155,19,1.024
AOI_FAR,SL_AOI_FAR,2.0,high_vol,h16-19(4h),0,sym:high_vol & win:h16-19(4h),831,118.8,0.3237,0.6582,0.0181,0.0017,14,1.003
AOI_FAR,SL_AOI_FAR,2.0,high_vol,h12-15(4h),0,sym:high_vol & win:h12-15(4h),1098,157.0,0.3233,0.623,0.0537,0.0513,22,1.082
AOI_FAR,SL_AOI_FAR,2.0,gbp_pairs,h07-09(3h),0,sym:gbp_pairs & win:h07-09(3h),891,127.4,0.3232,0.6296,0.0471,0.0374,20,1.059
AOI_FAR,SL_AOI_FAR,2.0,aud_bloc,asia,0,sym:aud_bloc & win:asia,1427,204.0,0.3231,0.651,0.0259,0.01,27,1.015
AOI_FAR,SL_AOI_FAR,2.0,usd_majors,h23-01(3h),0,sym:usd_majors & win:h23-01(3h),740,105.8,0.323,0.6527,0.0243,0.0019,17,1.003
AOI_FAR,SL_AOI_FAR,2.0,chf_pairs,h04-07(4h),0,sym:chf_pairs & win:h04-07(4h),799,114.2,0.3229,0.6521,0.025,0.009,15,1.014
AOI_FAR,SL_AOI_FAR,2.0,high_vol,h20-23(4h),0,sym:high_vol & win:h20-23(4h),864,123.5,0.3229,0.6586,0.0185,0.0002,18,1.0
AOI_FAR,SL_AOI_FAR,2.0,high_vol,h10-13(4h),0,sym:high_vol & win:h10-13(4h),1073,153.4,0.3225,0.6412,0.0363,0.023,17,1.036
AOI_FAR,SL_AOI_FAR,2.0,high_vol,h00-02(3h),0,sym:high_vol & win:h00-02(3h),816,116.7,0.3223,0.6507,0.027,0.0104,15,1.016
SIG_CANDLE,SL_SIGNAL_CANDLE,2.0,usd_majors,h10-13(4h),0,sym:usd_majors & win:h10-13(4h),1021,146.0,0.3222,0.6572,0.0206,0.0007,14,1.001
AOI_FAR,SL_AOI_FAR,2.0,eur_pairs,asia_ld,0,sym:eur_pairs & win:asia_ld,2976,425.4,0.3219,0.6512,0.0269,0.0063,22,1.01
AOI_FAR,SL_AOI_FAR,2.0,high_vol,h00-03(4h),0,sym:high_vol & win:h00-03(4h),1023,146.2,0.3216,0.651,0.0274,0.0088,13,1.014
AOI_FAR,SL_AOI_FAR,2.0,gbp_pairs,h06-08(3h),0,sym:gbp_pairs & win:h06-08(3h),883,126.2,0.3216,0.6353,0.043,0.0279,13,1.044
AOI_FAR,SL_AOI_FAR,2.0,jpy_pairs,asia_ld,0,sym:jpy_pairs & win:asia_ld,3146,449.7,0.3214,0.6497,0.0289,0.0059,25,1.009
AOI_FAR,SL_AOI_FAR,2.0,high_vol,ny,0,sym:high_vol & win:ny,1497,214.0,0.3206,0.6339,0.0454,0.0323,30,1.051
SIG_CANDLE,SL_SIGNAL_CANDLE,2.0,ALL,h14,0,win:h14,1236,176.7,0.3204,0.6497,0.0299,0.0009,16,1.001
AOI_FAR,SL_AOI_FAR,2.0,high_vol,h14-17(4h),0,sym:high_vol & win:h14-17(4h),959,137.1,0.3201,0.6371,0.0428,0.0253,20,1.039
AOI_FAR,SL_AOI_FAR,2.0,high_vol,london_ny,0,sym:high_vol & win:london_ny,3058,437.2,0.3201,0.6396,0.0402,0.0205,23,1.032
AOI_FAR,SL_AOI_FAR,2.0,high_vol,london,0,sym:high_vol & win:london,1561,223.2,0.3197,0.6451,0.0352,0.0093,21,1.014
AOI_FAR,SL_AOI_FAR,2.0,gbp_pairs,h08-10(3h),0,sym:gbp_pairs & win:h08-10(3h),883,126.2,0.3194,0.6387,0.0419,0.0169,12,1.026
AOI_FAR,SL_AOI_FAR,2.0,ALL,ny,1,bearish_aoi_midpoint>=0.545 & win:ny,902,128.9,0.3193,0.6164,0.0643,0.046,16,1.074
AOI_FAR,SL_AOI_FAR,2.0,usd_majors,h16-19(4h),0,sym:usd_majors & win:h16-19(4h),799,114.2,0.3191,0.6471,0.0338,0.0101,17,1.016
AOI_FAR,SL_AOI_FAR,2.0,high_vol,h22-00(3h),0,sym:high_vol & win:h22-00(3h),815,116.5,0.319,0.6564,0.0245,0.0001,17,1.0
AOI_FAR,SL_AOI_FAR,2.0,aud_bloc,h12-15(4h),0,sym:aud_bloc & win:h12-15(4h),997,142.5,0.319,0.6239,0.0572,0.0415,14,1.066
AOI_FAR,SL_AOI_FAR,2.0,gbp_pairs,h08-11(4h),0,sym:gbp_pairs & win:h08-11(4h),1182,169.0,0.319,0.6447,0.0364,0.0076,17,1.012
AOI_FAR,SL_AOI_FAR,2.0,high_vol,h13-15(3h),0,sym:high_vol & win:h13-15(3h),845,120.8,0.3183,0.6237,0.058,0.0428,19,1.068
AOI_FAR,SL_AOI_FAR,2.0,gbp_pairs,london,0,sym:gbp_pairs & win:london,1778,254.2,0.3183,0.644,0.0377,0.0078,19,1.012
AOI_FAR,SL_AOI_FAR,2.0,aud_bloc,h14-17(4h),0,sym:aud_bloc & win:h14-17(4h),877,125.4,0.3181,0.642,0.0399,0.0097,15,1.015
AOI_FAR,SL_AOI_FAR,2.0,high_vol,h06-09(4h),0,sym:high_vol & win:h06-09(4h),1026,146.7,0.3177,0.6404,0.0419,0.0135,16,1.021
AOI_FAR,SL_AOI_FAR,2.0,usd_majors,h14-17(4h),0,sym:usd_majors & win:h14-17(4h),982,140.4,0.3167,0.6324,0.0509,0.0266,18,1.042
AOI_FAR,SL_AOI_FAR,2.0,usd_majors,ny,0,sym:usd_majors & win:ny,1524,217.9,0.3163,0.6253,0.0584,0.0376,19,1.06
AOI_FAR,SL_AOI_FAR,2.0,aud_bloc,h13-15(3h),0,sym:aud_bloc & win:h13-15(3h),759,108.5,0.3162,0.6232,0.0606,0.0358,13,1.057
AOI_FAR,SL_AOI_FAR,2.0,high_vol,h14-16(3h),0,sym:high_vol & win:h14-16(3h),744,106.4,0.3159,0.6344,0.0497,0.0197,14,1.031
AOI_FAR,SL_AOI_FAR,2.0,usd_majors,h11-13(3h),0,sym:usd_majors & win:h11-13(3h),776,110.9,0.3157,0.6276,0.0567,0.0343,20,1.054
AOI_FAR,SL_AOI_FAR,2.0,aud_bloc,h11-13(3h),0,sym:aud_bloc & win:h11-13(3h),700,100.1,0.3157,0.6386,0.0457,0.0201,18,1.031
AOI_FAR,SL_AOI_FAR,2.0,gbp_pairs,h14-16(3h),0,sym:gbp_pairs & win:h14-16(3h),859,122.8,0.3155,0.6251,0.0594,0.0242,15,1.038
AOI_FAR,SL_AOI_FAR,2.0,usd_majors,h14-16(3h),0,sym:usd_majors & win:h14-16(3h),775,110.8,0.3148,0.6297,0.0555,0.0248,14,1.039
AOI_FAR,SL_AOI_FAR,2.0,aud_bloc,ny,0,sym:aud_bloc & win:ny,1373,196.3,0.3146,0.6387,0.0466,0.0136,14,1.021
AOI_FAR,SL_AOI_FAR,2.0,eur_pairs,h11-13(3h),0,sym:eur_pairs & win:h11-13(3h),869,124.2,0.3142,0.6249,0.061,0.0316,15,1.05
AOI_FAR,SL_AOI_FAR,2.0,ALL,h13,0,win:h13,1191,170.3,0.314,0.6163,0.0697,0.0424,16,1.068
AOI_FAR,SL_AOI_FAR,2.0,usd_majors,h13-15(3h),0,sym:usd_majors & win:h13-15(3h),891,127.4,0.3131,0.6251,0.0617,0.0279,14,1.044
AOI_FAR,SL_AOI_FAR,2.0,gbp_pairs,london_ny,0,sym:gbp_pairs & win:london_ny,3459,494.5,0.3125,0.6392,0.0483,0.0047,19,1.007
AOI_FAR,SL_AOI_FAR,2.0,gbp_pairs,h14-17(4h),0,sym:gbp_pairs & win:h14-17(4h),1093,156.2,0.312,0.6359,0.0522,0.0098,15,1.015
AOI_FAR,SL_AOI_FAR,2.0,ALL,h11-13(3h),0,win:h11-13(3h),3160,451.7,0.3111,0.637,0.0519,0.0091,21,1.014
AOI_FAR,SL_AOI_FAR,2.0,ALL,h15,0,win:h15,1017,145.4,0.3107,0.6401,0.0492,0.0055,14,1.008
AOI_FAR,SL_AOI_FAR,2.0,usd_majors,h12-15(4h),0,sym:usd_majors & win:h12-15(4h),1115,159.4,0.3103,0.626,0.0637,0.0262,15,1.041
AOI_FAR,SL_AOI_FAR,2.0,eur_pairs,h10-13(4h),0,sym:eur_pairs & win:h10-13(4h),1145,163.7,0.31,0.641,0.0489,0.0017,17,1.003
AOI_FAR,SL_AOI_FAR,2.0,usd_majors,h10-13(4h),0,sym:usd_majors & win:h10-13(4h),1021,146.0,0.3095,0.6386,0.0519,0.0061,14,1.009
AOI_FAR,SL_AOI_FAR,2.0,ALL,h12-13,0,win:h12-13,2220,317.4,0.3086,0.6257,0.0658,0.0225,18,1.036
AOI_FAR,SL_AOI_FAR,2.0,aud_bloc,h12-14(3h),0,sym:aud_bloc & win:h12-14(3h),765,109.4,0.3072,0.6314,0.0614,0.0135,12,1.021
AOI_FAR,SL_AOI_FAR,2.0,gbp_pairs,ny,0,sym:gbp_pairs & win:ny,1681,240.3,0.3064,0.6341,0.0595,0.0014,17,1.002
AOI_FAR,SL_AOI_FAR,2.0,usd_majors,h12-14(3h),0,sym:usd_majors & win:h12-14(3h),836,119.5,0.3062,0.6256,0.0682,0.019,13,1.03
AOI_FAR,SL_AOI_FAR,2.0,gbp_pairs,h12-15(4h),0,sym:gbp_pairs & win:h12-15(4h),1226,175.3,0.3059,0.624,0.0701,0.01,17,1.016
AOI_FAR,SL_AOI_FAR,2.0,ALL,h13-15(3h),0,win:h13-15(3h),3444,492.3,0.3057,0.6304,0.0639,0.0081,20,1.013
AOI_FAR,SL_AOI_FAR,2.0,gbp_pairs,h13-15(3h),0,sym:gbp_pairs & win:h13-15(3h),951,136.0,0.3049,0.6236,0.0715,0.0055,15,1.009
AOI_FAR,SL_AOI_FAR,2.0,ALL,h12-15(4h),0,win:h12-15(4h),4473,639.4,0.3049,0.6318,0.0633,0.0061,22,1.01
AOI_FAR,SL_AOI_FAR,2.0,gbp_pairs,h12-14(3h),0,sym:gbp_pairs & win:h12-14(3h),952,136.1,0.3046,0.6229,0.0725,0.0069,22,1.011
AOI_FAR,SL_AOI_FAR,2.0,ALL,h13-14,0,win:h13-14,2427,347.0,0.3037,0.6263,0.07,0.0091,18,1.014
AOI_FAR,SL_AOI_FAR,2.0,ALL,h12-14(3h),0,win:h12-14(3h),3456,494.1,0.3032,0.6293,0.0674,0.0063,20,1.01
AOI_FAR,SL_AOI_FAR,2.0,eur_pairs,h13-15(3h),0,sym:eur_pairs & win:h13-15(3h),913,130.5,0.3001,0.6276,0.0723,0.0055,18,1.009
AOI_FAR,SL_AOI_FAR,2.0,eur_pairs,h12-14(3h),0,sym:eur_pairs & win:h12-14(3h),968,138.4,0.2986,0.6198,0.0816,0.0145,14,1.023
